,0
0,<GetOldTweets3.models.Tweet.Tweet object at 0x1044e4950>
1,<GetOldTweets3.models.Tweet.Tweet object at 0x10491f250>
2,<GetOldTweets3.models.Tweet.Tweet object at 0x10491ff50>
3,<GetOldTweets3.models.Tweet.Tweet object at 0x1049113d0>
4,<GetOldTweets3.models.Tweet.Tweet object at 0x104971610>
5,<GetOldTweets3.models.Tweet.Tweet object at 0x104911890>
6,<GetOldTweets3.models.Tweet.Tweet object at 0x10491fa90>
7,<GetOldTweets3.models.Tweet.Tweet object at 0x10490bd90>
8,<GetOldTweets3.models.Tweet.Tweet object at 0x1049719d0>
9,<GetOldTweets3.models.Tweet.Tweet object at 0x104911190>
10,<GetOldTweets3.models.Tweet.Tweet object at 0x10498fbd0>
11,<GetOldTweets3.models.Tweet.Tweet object at 0x104971c50>
12,<GetOldTweets3.models.Tweet.Tweet object at 0x1044e4c90>
13,<GetOldTweets3.models.Tweet.Tweet object at 0x10491f450>
14,<GetOldTweets3.models.Tweet.Tweet object at 0x104911ed0>
15,<GetOldTweets3.models.Tweet.Tweet object at 0x104911fd0>
16,<GetOldTweets3.models.Tweet.Tweet object at 0x10498f3d0>
17,<GetOldTweets3.models.Tweet.Tweet object at 0x1049952d0>
18,<GetOldTweets3.models.Tweet.Tweet object at 0x10498f810>
19,<GetOldTweets3.models.Tweet.Tweet object at 0x10498fed0>
20,<GetOldTweets3.models.Tweet.Tweet object at 0x1044e4cd0>
21,<GetOldTweets3.models.Tweet.Tweet object at 0x104971090>
22,<GetOldTweets3.models.Tweet.Tweet object at 0x104971b10>
23,<GetOldTweets3.models.Tweet.Tweet object at 0x1049954d0>
24,<GetOldTweets3.models.Tweet.Tweet object at 0x1049959d0>
25,<GetOldTweets3.models.Tweet.Tweet object at 0x1049717d0>
26,<GetOldTweets3.models.Tweet.Tweet object at 0x1044e4d10>
27,<GetOldTweets3.models.Tweet.Tweet object at 0x10491f310>
28,<GetOldTweets3.models.Tweet.Tweet object at 0x104911e90>
29,<GetOldTweets3.models.Tweet.Tweet object at 0x10498fd10>
30,<GetOldTweets3.models.Tweet.Tweet object at 0x10498fc10>
31,<GetOldTweets3.models.Tweet.Tweet object at 0x104995950>
32,<GetOldTweets3.models.Tweet.Tweet object at 0x10498f350>
33,<GetOldTweets3.models.Tweet.Tweet object at 0x10498f2d0>
34,<GetOldTweets3.models.Tweet.Tweet object at 0x104911bd0>
35,<GetOldTweets3.models.Tweet.Tweet object at 0x10491f690>
36,<GetOldTweets3.models.Tweet.Tweet object at 0x104971b90>
37,<GetOldTweets3.models.Tweet.Tweet object at 0x104995c50>
38,<GetOldTweets3.models.Tweet.Tweet object at 0x104995ad0>
39,<GetOldTweets3.models.Tweet.Tweet object at 0x104995190>
40,<GetOldTweets3.models.Tweet.Tweet object at 0x104830890>
41,<GetOldTweets3.models.Tweet.Tweet object at 0x103f65e50>
42,<GetOldTweets3.models.Tweet.Tweet object at 0x10491f090>
43,<GetOldTweets3.models.Tweet.Tweet object at 0x10491fb90>
44,<GetOldTweets3.models.Tweet.Tweet object at 0x10498f9d0>
45,<GetOldTweets3.models.Tweet.Tweet object at 0x104993590>
46,<GetOldTweets3.models.Tweet.Tweet object at 0x1049939d0>
47,<GetOldTweets3.models.Tweet.Tweet object at 0x10498f0d0>
48,<GetOldTweets3.models.Tweet.Tweet object at 0x10491fd90>
49,<GetOldTweets3.models.Tweet.Tweet object at 0x10491f3d0>
50,<GetOldTweets3.models.Tweet.Tweet object at 0x104995150>
51,<GetOldTweets3.models.Tweet.Tweet object at 0x104995d10>
52,<GetOldTweets3.models.Tweet.Tweet object at 0x104993410>
53,<GetOldTweets3.models.Tweet.Tweet object at 0x1049718d0>
54,<GetOldTweets3.models.Tweet.Tweet object at 0x104995650>
55,<GetOldTweets3.models.Tweet.Tweet object at 0x10490bcd0>
56,<GetOldTweets3.models.Tweet.Tweet object at 0x101c01c90>
57,<GetOldTweets3.models.Tweet.Tweet object at 0x1044e4c50>
58,<GetOldTweets3.models.Tweet.Tweet object at 0x10498fd90>
59,<GetOldTweets3.models.Tweet.Tweet object at 0x104993390>
60,<GetOldTweets3.models.Tweet.Tweet object at 0x10498f1d0>
61,<GetOldTweets3.models.Tweet.Tweet object at 0x10491f990>
62,<GetOldTweets3.models.Tweet.Tweet object at 0x104993a10>
63,<GetOldTweets3.models.Tweet.Tweet object at 0x10484a0d0>
64,<GetOldTweets3.models.Tweet.Tweet object at 0x104995590>
65,<GetOldTweets3.models.Tweet.Tweet object at 0x104995e50>
66,<GetOldTweets3.models.Tweet.Tweet object at 0x104971f50>
67,<GetOldTweets3.models.Tweet.Tweet object at 0x1049a7850>
68,<GetOldTweets3.models.Tweet.Tweet object at 0x104995bd0>
69,<GetOldTweets3.models.Tweet.Tweet object at 0x101dbd510>
70,<GetOldTweets3.models.Tweet.Tweet object at 0x104911610>
71,<GetOldTweets3.models.Tweet.Tweet object at 0x104993650>
72,<GetOldTweets3.models.Tweet.Tweet object at 0x10491f410>
73,<GetOldTweets3.models.Tweet.Tweet object at 0x10498fe90>
74,<GetOldTweets3.models.Tweet.Tweet object at 0x1049a7550>
75,<GetOldTweets3.models.Tweet.Tweet object at 0x10498f450>
76,<GetOldTweets3.models.Tweet.Tweet object at 0x104993610>
77,<GetOldTweets3.models.Tweet.Tweet object at 0x1049116d0>
78,<GetOldTweets3.models.Tweet.Tweet object at 0x104995510>
79,<GetOldTweets3.models.Tweet.Tweet object at 0x104995390>
80,<GetOldTweets3.models.Tweet.Tweet object at 0x1044e4090>
81,<GetOldTweets3.models.Tweet.Tweet object at 0x1049a7a90>
82,<GetOldTweets3.models.Tweet.Tweet object at 0x1049a7e50>
83,<GetOldTweets3.models.Tweet.Tweet object at 0x1049a7390>
84,<GetOldTweets3.models.Tweet.Tweet object at 0x104995f50>
85,<GetOldTweets3.models.Tweet.Tweet object at 0x104995d50>
86,<GetOldTweets3.models.Tweet.Tweet object at 0x104993190>
87,<GetOldTweets3.models.Tweet.Tweet object at 0x104911650>
88,<GetOldTweets3.models.Tweet.Tweet object at 0x10491f5d0>
89,<GetOldTweets3.models.Tweet.Tweet object at 0x10491fed0>
90,<GetOldTweets3.models.Tweet.Tweet object at 0x104995750>
91,<GetOldTweets3.models.Tweet.Tweet object at 0x104971c90>
92,<GetOldTweets3.models.Tweet.Tweet object at 0x1049a7950>
93,<GetOldTweets3.models.Tweet.Tweet object at 0x1049a7750>
94,<GetOldTweets3.models.Tweet.Tweet object at 0x104993c10>
95,<GetOldTweets3.models.Tweet.Tweet object at 0x104993ad0>
96,<GetOldTweets3.models.Tweet.Tweet object at 0x1049a7250>
97,<GetOldTweets3.models.Tweet.Tweet object at 0x104971cd0>
98,<GetOldTweets3.models.Tweet.Tweet object at 0x10490bd50>
99,<GetOldTweets3.models.Tweet.Tweet object at 0x104911c50>
100,<GetOldTweets3.models.Tweet.Tweet object at 0x10498f390>
101,<GetOldTweets3.models.Tweet.Tweet object at 0x1049a9e90>
102,<GetOldTweets3.models.Tweet.Tweet object at 0x10498f8d0>
103,<GetOldTweets3.models.Tweet.Tweet object at 0x1049957d0>
104,<GetOldTweets3.models.Tweet.Tweet object at 0x1049a72d0>
105,<GetOldTweets3.models.Tweet.Tweet object at 0x1049a9950>
106,<GetOldTweets3.models.Tweet.Tweet object at 0x1049a9210>
107,<GetOldTweets3.models.Tweet.Tweet object at 0x1049a9ed0>
108,<GetOldTweets3.models.Tweet.Tweet object at 0x1049a9c10>
109,<GetOldTweets3.models.Tweet.Tweet object at 0x1049a7110>
110,<GetOldTweets3.models.Tweet.Tweet object at 0x1049a75d0>
111,<GetOldTweets3.models.Tweet.Tweet object at 0x1049937d0>
112,<GetOldTweets3.models.Tweet.Tweet object at 0x1049956d0>
113,<GetOldTweets3.models.Tweet.Tweet object at 0x104995c90>
114,<GetOldTweets3.models.Tweet.Tweet object at 0x103e186d0>
115,<GetOldTweets3.models.Tweet.Tweet object at 0x10491f490>
116,<GetOldTweets3.models.Tweet.Tweet object at 0x104993710>
117,<GetOldTweets3.models.Tweet.Tweet object at 0x1049a7d90>
118,<GetOldTweets3.models.Tweet.Tweet object at 0x1049a7150>
119,<GetOldTweets3.models.Tweet.Tweet object at 0x1049a9790>
120,<GetOldTweets3.models.Tweet.Tweet object at 0x1042b2090>
121,<GetOldTweets3.models.Tweet.Tweet object at 0x1049fb450>
122,<GetOldTweets3.models.Tweet.Tweet object at 0x1049a9150>
123,<GetOldTweets3.models.Tweet.Tweet object at 0x1049a7050>
124,<GetOldTweets3.models.Tweet.Tweet object at 0x104993850>
125,<GetOldTweets3.models.Tweet.Tweet object at 0x1049934d0>
126,<GetOldTweets3.models.Tweet.Tweet object at 0x1049931d0>
127,<GetOldTweets3.models.Tweet.Tweet object at 0x1049fb150>
128,<GetOldTweets3.models.Tweet.Tweet object at 0x1049fb910>
129,<GetOldTweets3.models.Tweet.Tweet object at 0x104995cd0>
130,<GetOldTweets3.models.Tweet.Tweet object at 0x104995210>
131,<GetOldTweets3.models.Tweet.Tweet object at 0x1049a7650>
132,<GetOldTweets3.models.Tweet.Tweet object at 0x1049a96d0>
133,<GetOldTweets3.models.Tweet.Tweet object at 0x1049a9710>
134,<GetOldTweets3.models.Tweet.Tweet object at 0x1049fb8d0>
135,<GetOldTweets3.models.Tweet.Tweet object at 0x1049fba10>
136,<GetOldTweets3.models.Tweet.Tweet object at 0x1049a9f50>
137,<GetOldTweets3.models.Tweet.Tweet object at 0x1049a9290>
138,<GetOldTweets3.models.Tweet.Tweet object at 0x1049a7310>
139,<GetOldTweets3.models.Tweet.Tweet object at 0x1049a7b90>
140,<GetOldTweets3.models.Tweet.Tweet object at 0x1049a7f10>
141,<GetOldTweets3.models.Tweet.Tweet object at 0x104a07ad0>
142,<GetOldTweets3.models.Tweet.Tweet object at 0x1049fb210>
143,<GetOldTweets3.models.Tweet.Tweet object at 0x1049fb710>
144,<GetOldTweets3.models.Tweet.Tweet object at 0x1043e6650>
145,<GetOldTweets3.models.Tweet.Tweet object at 0x104993790>
146,<GetOldTweets3.models.Tweet.Tweet object at 0x104993f10>
147,<GetOldTweets3.models.Tweet.Tweet object at 0x1049a9250>
148,<GetOldTweets3.models.Tweet.Tweet object at 0x104a079d0>
149,<GetOldTweets3.models.Tweet.Tweet object at 0x1049a9350>
150,<GetOldTweets3.models.Tweet.Tweet object at 0x1049a9550>
151,<GetOldTweets3.models.Tweet.Tweet object at 0x1049a7710>
152,<GetOldTweets3.models.Tweet.Tweet object at 0x1044e49d0>
153,<GetOldTweets3.models.Tweet.Tweet object at 0x1049fba50>
154,<GetOldTweets3.models.Tweet.Tweet object at 0x1049fb1d0>
155,<GetOldTweets3.models.Tweet.Tweet object at 0x1043869d0>
156,<GetOldTweets3.models.Tweet.Tweet object at 0x1049fbe50>
157,<GetOldTweets3.models.Tweet.Tweet object at 0x10491fe50>
158,<GetOldTweets3.models.Tweet.Tweet object at 0x10143fe50>
159,<GetOldTweets3.models.Tweet.Tweet object at 0x1049a7ad0>
160,<GetOldTweets3.models.Tweet.Tweet object at 0x1049a9510>
161,<GetOldTweets3.models.Tweet.Tweet object at 0x104a07b90>
162,<GetOldTweets3.models.Tweet.Tweet object at 0x104a127d0>
163,<GetOldTweets3.models.Tweet.Tweet object at 0x1049a9a10>
164,<GetOldTweets3.models.Tweet.Tweet object at 0x1044ff250>
165,<GetOldTweets3.models.Tweet.Tweet object at 0x104830810>
166,<GetOldTweets3.models.Tweet.Tweet object at 0x1049fb250>
167,<GetOldTweets3.models.Tweet.Tweet object at 0x1049fbc50>
168,<GetOldTweets3.models.Tweet.Tweet object at 0x104a073d0>
169,<GetOldTweets3.models.Tweet.Tweet object at 0x104a07710>
170,<GetOldTweets3.models.Tweet.Tweet object at 0x104995dd0>
171,<GetOldTweets3.models.Tweet.Tweet object at 0x104a07ed0>
172,<GetOldTweets3.models.Tweet.Tweet object at 0x104a07e90>
173,<GetOldTweets3.models.Tweet.Tweet object at 0x1049fb390>
174,<GetOldTweets3.models.Tweet.Tweet object at 0x1049fb810>
175,<GetOldTweets3.models.Tweet.Tweet object at 0x104a12490>
176,<GetOldTweets3.models.Tweet.Tweet object at 0x1049fbe90>
177,<GetOldTweets3.models.Tweet.Tweet object at 0x1049a9b50>
178,<GetOldTweets3.models.Tweet.Tweet object at 0x1043e66d0>
179,<GetOldTweets3.models.Tweet.Tweet object at 0x104a07c50>
180,<GetOldTweets3.models.Tweet.Tweet object at 0x104a07690>
181,<GetOldTweets3.models.Tweet.Tweet object at 0x104a12e50>
182,<GetOldTweets3.models.Tweet.Tweet object at 0x104a12f50>
183,<GetOldTweets3.models.Tweet.Tweet object at 0x104a12c10>
184,<GetOldTweets3.models.Tweet.Tweet object at 0x104a12290>
185,<GetOldTweets3.models.Tweet.Tweet object at 0x104a078d0>
186,<GetOldTweets3.models.Tweet.Tweet object at 0x104993d90>
187,<GetOldTweets3.models.Tweet.Tweet object at 0x1049a7510>
188,<GetOldTweets3.models.Tweet.Tweet object at 0x1049fb050>
189,<GetOldTweets3.models.Tweet.Tweet object at 0x10498f890>
190,<GetOldTweets3.models.Tweet.Tweet object at 0x1049fbb10>
191,<GetOldTweets3.models.Tweet.Tweet object at 0x103f65790>
192,<GetOldTweets3.models.Tweet.Tweet object at 0x10491f150>
193,<GetOldTweets3.models.Tweet.Tweet object at 0x104a07390>
194,<GetOldTweets3.models.Tweet.Tweet object at 0x104a07410>
195,<GetOldTweets3.models.Tweet.Tweet object at 0x104a12bd0>
196,<GetOldTweets3.models.Tweet.Tweet object at 0x104a12d50>
197,<GetOldTweets3.models.Tweet.Tweet object at 0x104a12ed0>
198,<GetOldTweets3.models.Tweet.Tweet object at 0x104a12350>
199,<GetOldTweets3.models.Tweet.Tweet object at 0x104a07b50>
200,<GetOldTweets3.models.Tweet.Tweet object at 0x1048308d0>
201,<GetOldTweets3.models.Tweet.Tweet object at 0x1049fb610>
202,<GetOldTweets3.models.Tweet.Tweet object at 0x1049fda10>
203,<GetOldTweets3.models.Tweet.Tweet object at 0x1049fd490>
204,<GetOldTweets3.models.Tweet.Tweet object at 0x1043b5f50>
205,<GetOldTweets3.models.Tweet.Tweet object at 0x10498f7d0>
206,<GetOldTweets3.models.Tweet.Tweet object at 0x104a07f50>
207,<GetOldTweets3.models.Tweet.Tweet object at 0x104a07210>
208,<GetOldTweets3.models.Tweet.Tweet object at 0x104a12890>
209,<GetOldTweets3.models.Tweet.Tweet object at 0x1049fd510>
210,<GetOldTweets3.models.Tweet.Tweet object at 0x1049fd8d0>
211,<GetOldTweets3.models.Tweet.Tweet object at 0x104a12690>
212,<GetOldTweets3.models.Tweet.Tweet object at 0x104a12b10>
213,<GetOldTweets3.models.Tweet.Tweet object at 0x104a07c90>
214,<GetOldTweets3.models.Tweet.Tweet object at 0x104a07310>
215,<GetOldTweets3.models.Tweet.Tweet object at 0x1049fb990>
216,<GetOldTweets3.models.Tweet.Tweet object at 0x1049fb490>
217,<GetOldTweets3.models.Tweet.Tweet object at 0x1049fdd10>
218,<GetOldTweets3.models.Tweet.Tweet object at 0x1049fddd0>
219,<GetOldTweets3.models.Tweet.Tweet object at 0x104830e90>
220,<GetOldTweets3.models.Tweet.Tweet object at 0x1049a9d10>
221,<GetOldTweets3.models.Tweet.Tweet object at 0x1049fdf10>
222,<GetOldTweets3.models.Tweet.Tweet object at 0x1049fd590>
223,<GetOldTweets3.models.Tweet.Tweet object at 0x104a07f90>
224,<GetOldTweets3.models.Tweet.Tweet object at 0x104a23690>
225,<GetOldTweets3.models.Tweet.Tweet object at 0x104a23c50>
226,<GetOldTweets3.models.Tweet.Tweet object at 0x1049fd850>
227,<GetOldTweets3.models.Tweet.Tweet object at 0x1049fd7d0>
228,<GetOldTweets3.models.Tweet.Tweet object at 0x104a12c50>
229,<GetOldTweets3.models.Tweet.Tweet object at 0x104a07f10>
230,<GetOldTweets3.models.Tweet.Tweet object at 0x10256a410>
231,<GetOldTweets3.models.Tweet.Tweet object at 0x1049fbf50>
232,<GetOldTweets3.models.Tweet.Tweet object at 0x104a23910>
233,<GetOldTweets3.models.Tweet.Tweet object at 0x102187d10>
234,<GetOldTweets3.models.Tweet.Tweet object at 0x104a07b10>
235,<GetOldTweets3.models.Tweet.Tweet object at 0x104a121d0>
236,<GetOldTweets3.models.Tweet.Tweet object at 0x1049fd550>
237,<GetOldTweets3.models.Tweet.Tweet object at 0x1049fd610>
238,<GetOldTweets3.models.Tweet.Tweet object at 0x104a23750>
239,<GetOldTweets3.models.Tweet.Tweet object at 0x104a239d0>
240,<GetOldTweets3.models.Tweet.Tweet object at 0x104993e10>
241,<GetOldTweets3.models.Tweet.Tweet object at 0x104a12910>
242,<GetOldTweets3.models.Tweet.Tweet object at 0x1049a9910>
243,<GetOldTweets3.models.Tweet.Tweet object at 0x104a23a90>
244,<GetOldTweets3.models.Tweet.Tweet object at 0x104a232d0>
245,<GetOldTweets3.models.Tweet.Tweet object at 0x104a26510>
246,<GetOldTweets3.models.Tweet.Tweet object at 0x104a23890>
247,<GetOldTweets3.models.Tweet.Tweet object at 0x104a07290>
248,<GetOldTweets3.models.Tweet.Tweet object at 0x1049a74d0>
249,<GetOldTweets3.models.Tweet.Tweet object at 0x1049fb790>
250,<GetOldTweets3.models.Tweet.Tweet object at 0x1049fd690>
251,<GetOldTweets3.models.Tweet.Tweet object at 0x104a261d0>
252,<GetOldTweets3.models.Tweet.Tweet object at 0x104a126d0>
253,<GetOldTweets3.models.Tweet.Tweet object at 0x104a07fd0>
254,<GetOldTweets3.models.Tweet.Tweet object at 0x104a23250>
255,<GetOldTweets3.models.Tweet.Tweet object at 0x104a23790>
256,<GetOldTweets3.models.Tweet.Tweet object at 0x1049fd210>
257,<GetOldTweets3.models.Tweet.Tweet object at 0x1049fde10>
258,<GetOldTweets3.models.Tweet.Tweet object at 0x104a26c10>
259,<GetOldTweets3.models.Tweet.Tweet object at 0x104a238d0>
260,<GetOldTweets3.models.Tweet.Tweet object at 0x1049a9d90>
261,<GetOldTweets3.models.Tweet.Tweet object at 0x1049fd050>
262,<GetOldTweets3.models.Tweet.Tweet object at 0x104a26a50>
263,<GetOldTweets3.models.Tweet.Tweet object at 0x104a26410>
264,<GetOldTweets3.models.Tweet.Tweet object at 0x104a2b250>
265,<GetOldTweets3.models.Tweet.Tweet object at 0x104a26350>
266,<GetOldTweets3.models.Tweet.Tweet object at 0x104a26110>
267,<GetOldTweets3.models.Tweet.Tweet object at 0x10490bfd0>
268,<GetOldTweets3.models.Tweet.Tweet object at 0x104a07a50>
269,<GetOldTweets3.models.Tweet.Tweet object at 0x1049fd190>
270,<GetOldTweets3.models.Tweet.Tweet object at 0x104a23810>
271,<GetOldTweets3.models.Tweet.Tweet object at 0x104a2b490>
272,<GetOldTweets3.models.Tweet.Tweet object at 0x104a23e50>
273,<GetOldTweets3.models.Tweet.Tweet object at 0x104a23650>
274,<GetOldTweets3.models.Tweet.Tweet object at 0x104a070d0>
275,<GetOldTweets3.models.Tweet.Tweet object at 0x1049a93d0>
276,<GetOldTweets3.models.Tweet.Tweet object at 0x104a264d0>
277,<GetOldTweets3.models.Tweet.Tweet object at 0x104a26e10>
278,<GetOldTweets3.models.Tweet.Tweet object at 0x104a2b510>
279,<GetOldTweets3.models.Tweet.Tweet object at 0x104a2b990>
280,<GetOldTweets3.models.Tweet.Tweet object at 0x1049fbad0>
281,<GetOldTweets3.models.Tweet.Tweet object at 0x104a23350>
282,<GetOldTweets3.models.Tweet.Tweet object at 0x104a23210>
283,<GetOldTweets3.models.Tweet.Tweet object at 0x104a23ad0>
284,<GetOldTweets3.models.Tweet.Tweet object at 0x104a2b690>
285,<GetOldTweets3.models.Tweet.Tweet object at 0x104a2b150>
286,<GetOldTweets3.models.Tweet.Tweet object at 0x104a2bf10>
287,<GetOldTweets3.models.Tweet.Tweet object at 0x104a2b650>
288,<GetOldTweets3.models.Tweet.Tweet object at 0x104a2b450>
289,<GetOldTweets3.models.Tweet.Tweet object at 0x104a2bb10>
290,<GetOldTweets3.models.Tweet.Tweet object at 0x1049fd150>
291,<GetOldTweets3.models.Tweet.Tweet object at 0x104a23ed0>
292,<GetOldTweets3.models.Tweet.Tweet object at 0x1049a9cd0>
293,<GetOldTweets3.models.Tweet.Tweet object at 0x104a26b10>
294,<GetOldTweets3.models.Tweet.Tweet object at 0x104a26710>
295,<GetOldTweets3.models.Tweet.Tweet object at 0x104a26d10>
296,<GetOldTweets3.models.Tweet.Tweet object at 0x104a26150>
297,<GetOldTweets3.models.Tweet.Tweet object at 0x104a26190>
298,<GetOldTweets3.models.Tweet.Tweet object at 0x1049fd1d0>
299,<GetOldTweets3.models.Tweet.Tweet object at 0x104a2bb50>
300,<GetOldTweets3.models.Tweet.Tweet object at 0x104a12810>
301,<GetOldTweets3.models.Tweet.Tweet object at 0x104a351d0>
302,<GetOldTweets3.models.Tweet.Tweet object at 0x104a2bb90>
303,<GetOldTweets3.models.Tweet.Tweet object at 0x104a2ba10>
304,<GetOldTweets3.models.Tweet.Tweet object at 0x104a2b4d0>
305,<GetOldTweets3.models.Tweet.Tweet object at 0x104a23310>
306,<GetOldTweets3.models.Tweet.Tweet object at 0x1049fbfd0>
307,<GetOldTweets3.models.Tweet.Tweet object at 0x104a26490>
308,<GetOldTweets3.models.Tweet.Tweet object at 0x104a26b50>
309,<GetOldTweets3.models.Tweet.Tweet object at 0x104a35390>
310,<GetOldTweets3.models.Tweet.Tweet object at 0x104a26850>
311,<GetOldTweets3.models.Tweet.Tweet object at 0x104830ed0>
312,<GetOldTweets3.models.Tweet.Tweet object at 0x104a23c90>
313,<GetOldTweets3.models.Tweet.Tweet object at 0x1049fda90>
314,<GetOldTweets3.models.Tweet.Tweet object at 0x104a2be10>
315,<GetOldTweets3.models.Tweet.Tweet object at 0x104a35490>
316,<GetOldTweets3.models.Tweet.Tweet object at 0x104a35950>
317,<GetOldTweets3.models.Tweet.Tweet object at 0x104a35ad0>
318,<GetOldTweets3.models.Tweet.Tweet object at 0x104a35d10>
319,<GetOldTweets3.models.Tweet.Tweet object at 0x104a2bd90>
320,<GetOldTweets3.models.Tweet.Tweet object at 0x104a2b610>
321,<GetOldTweets3.models.Tweet.Tweet object at 0x104a26550>
322,<GetOldTweets3.models.Tweet.Tweet object at 0x104a33190>
323,<GetOldTweets3.models.Tweet.Tweet object at 0x104a267d0>
324,<GetOldTweets3.models.Tweet.Tweet object at 0x104a231d0>
325,<GetOldTweets3.models.Tweet.Tweet object at 0x10428cf10>
326,<GetOldTweets3.models.Tweet.Tweet object at 0x10498ff90>
327,<GetOldTweets3.models.Tweet.Tweet object at 0x104a35250>
328,<GetOldTweets3.models.Tweet.Tweet object at 0x104a35cd0>
329,<GetOldTweets3.models.Tweet.Tweet object at 0x104a33090>
330,<GetOldTweets3.models.Tweet.Tweet object at 0x104a33a10>
331,<GetOldTweets3.models.Tweet.Tweet object at 0x104a35fd0>
332,<GetOldTweets3.models.Tweet.Tweet object at 0x104a2bd50>
333,<GetOldTweets3.models.Tweet.Tweet object at 0x104a2b950>
334,<GetOldTweets3.models.Tweet.Tweet object at 0x1049fd710>
335,<GetOldTweets3.models.Tweet.Tweet object at 0x104a23150>
336,<GetOldTweets3.models.Tweet.Tweet object at 0x104a336d0>
337,<GetOldTweets3.models.Tweet.Tweet object at 0x104a33810>
338,<GetOldTweets3.models.Tweet.Tweet object at 0x104a07910>
339,<GetOldTweets3.models.Tweet.Tweet object at 0x104859650>
340,<GetOldTweets3.models.Tweet.Tweet object at 0x104a2b890>
341,<GetOldTweets3.models.Tweet.Tweet object at 0x104a35050>
342,<GetOldTweets3.models.Tweet.Tweet object at 0x104a33390>
343,<GetOldTweets3.models.Tweet.Tweet object at 0x104a33d10>
344,<GetOldTweets3.models.Tweet.Tweet object at 0x104a33fd0>
345,<GetOldTweets3.models.Tweet.Tweet object at 0x104a38490>
346,<GetOldTweets3.models.Tweet.Tweet object at 0x104a33d90>
347,<GetOldTweets3.models.Tweet.Tweet object at 0x104a33290>
348,<GetOldTweets3.models.Tweet.Tweet object at 0x104a35f50>
349,<GetOldTweets3.models.Tweet.Tweet object at 0x104a2b390>
350,<GetOldTweets3.models.Tweet.Tweet object at 0x104a2b210>
351,<GetOldTweets3.models.Tweet.Tweet object at 0x1049fb350>
352,<GetOldTweets3.models.Tweet.Tweet object at 0x104a26210>
353,<GetOldTweets3.models.Tweet.Tweet object at 0x1049fba90>
354,<GetOldTweets3.models.Tweet.Tweet object at 0x1049fd390>
355,<GetOldTweets3.models.Tweet.Tweet object at 0x104a2ba50>
356,<GetOldTweets3.models.Tweet.Tweet object at 0x104a35210>
357,<GetOldTweets3.models.Tweet.Tweet object at 0x104a33ad0>
358,<GetOldTweets3.models.Tweet.Tweet object at 0x104a33f90>
359,<GetOldTweets3.models.Tweet.Tweet object at 0x104a38610>
360,<GetOldTweets3.models.Tweet.Tweet object at 0x101c01090>
361,<GetOldTweets3.models.Tweet.Tweet object at 0x104a2bc10>
362,<GetOldTweets3.models.Tweet.Tweet object at 0x104a23950>
363,<GetOldTweets3.models.Tweet.Tweet object at 0x104a35710>
364,<GetOldTweets3.models.Tweet.Tweet object at 0x104a26090>
365,<GetOldTweets3.models.Tweet.Tweet object at 0x104a38410>
366,<GetOldTweets3.models.Tweet.Tweet object at 0x104a38c50>
367,<GetOldTweets3.models.Tweet.Tweet object at 0x104a38fd0>
368,<GetOldTweets3.models.Tweet.Tweet object at 0x104a380d0>
369,<GetOldTweets3.models.Tweet.Tweet object at 0x104a38990>
370,<GetOldTweets3.models.Tweet.Tweet object at 0x104a387d0>
371,<GetOldTweets3.models.Tweet.Tweet object at 0x104a23f50>
372,<GetOldTweets3.models.Tweet.Tweet object at 0x104993690>
373,<GetOldTweets3.models.Tweet.Tweet object at 0x104a337d0>
374,<GetOldTweets3.models.Tweet.Tweet object at 0x104a33c50>
375,<GetOldTweets3.models.Tweet.Tweet object at 0x104a339d0>
376,<GetOldTweets3.models.Tweet.Tweet object at 0x104a2b7d0>
377,<GetOldTweets3.models.Tweet.Tweet object at 0x104a350d0>
378,<GetOldTweets3.models.Tweet.Tweet object at 0x104a38890>
379,<GetOldTweets3.models.Tweet.Tweet object at 0x104a382d0>
380,<GetOldTweets3.models.Tweet.Tweet object at 0x10498ff50>
381,<GetOldTweets3.models.Tweet.Tweet object at 0x104a38250>
382,<GetOldTweets3.models.Tweet.Tweet object at 0x104a26690>
383,<GetOldTweets3.models.Tweet.Tweet object at 0x104a38810>
384,<GetOldTweets3.models.Tweet.Tweet object at 0x104a33b50>
385,<GetOldTweets3.models.Tweet.Tweet object at 0x104a33690>
386,<GetOldTweets3.models.Tweet.Tweet object at 0x1032da290>
387,<GetOldTweets3.models.Tweet.Tweet object at 0x1032da650>
388,<GetOldTweets3.models.Tweet.Tweet object at 0x104a33590>
389,<GetOldTweets3.models.Tweet.Tweet object at 0x104a12e10>
390,<GetOldTweets3.models.Tweet.Tweet object at 0x104a26810>
391,<GetOldTweets3.models.Tweet.Tweet object at 0x104a38dd0>
392,<GetOldTweets3.models.Tweet.Tweet object at 0x104a38f50>
393,<GetOldTweets3.models.Tweet.Tweet object at 0x1032da7d0>
394,<GetOldTweets3.models.Tweet.Tweet object at 0x1032dae10>
395,<GetOldTweets3.models.Tweet.Tweet object at 0x104a384d0>
396,<GetOldTweets3.models.Tweet.Tweet object at 0x104a38910>
397,<GetOldTweets3.models.Tweet.Tweet object at 0x104a2b550>
398,<GetOldTweets3.models.Tweet.Tweet object at 0x1032da890>
399,<GetOldTweets3.models.Tweet.Tweet object at 0x104a33410>
400,<GetOldTweets3.models.Tweet.Tweet object at 0x104a260d0>
401,<GetOldTweets3.models.Tweet.Tweet object at 0x10254e710>
402,<GetOldTweets3.models.Tweet.Tweet object at 0x104a2bfd0>
403,<GetOldTweets3.models.Tweet.Tweet object at 0x102187a50>
404,<GetOldTweets3.models.Tweet.Tweet object at 0x104a38110>
405,<GetOldTweets3.models.Tweet.Tweet object at 0x104a38ed0>
406,<GetOldTweets3.models.Tweet.Tweet object at 0x1032daf50>
407,<GetOldTweets3.models.Tweet.Tweet object at 0x104971a90>
408,<GetOldTweets3.models.Tweet.Tweet object at 0x104a35450>
409,<GetOldTweets3.models.Tweet.Tweet object at 0x104971850>
410,<GetOldTweets3.models.Tweet.Tweet object at 0x1032daa10>
411,<GetOldTweets3.models.Tweet.Tweet object at 0x1032daf90>
412,<GetOldTweets3.models.Tweet.Tweet object at 0x104a38690>
413,<GetOldTweets3.models.Tweet.Tweet object at 0x1049fdc50>
414,<GetOldTweets3.models.Tweet.Tweet object at 0x104a335d0>
415,<GetOldTweets3.models.Tweet.Tweet object at 0x104a35b50>
416,<GetOldTweets3.models.Tweet.Tweet object at 0x104a12f90>
417,<GetOldTweets3.models.Tweet.Tweet object at 0x10491fc50>
418,<GetOldTweets3.models.Tweet.Tweet object at 0x104a35610>
419,<GetOldTweets3.models.Tweet.Tweet object at 0x104a23510>
420,<GetOldTweets3.models.Tweet.Tweet object at 0x104a122d0>
421,<GetOldTweets3.models.Tweet.Tweet object at 0x104a35d50>
422,<GetOldTweets3.models.Tweet.Tweet object at 0x1032dda50>
423,<GetOldTweets3.models.Tweet.Tweet object at 0x1032ddcd0>
424,<GetOldTweets3.models.Tweet.Tweet object at 0x1032dad90>
425,<GetOldTweets3.models.Tweet.Tweet object at 0x104a23d10>
426,<GetOldTweets3.models.Tweet.Tweet object at 0x1049a9650>
427,<GetOldTweets3.models.Tweet.Tweet object at 0x104a33990>
428,<GetOldTweets3.models.Tweet.Tweet object at 0x1032dd950>
429,<GetOldTweets3.models.Tweet.Tweet object at 0x1032dd250>
430,<GetOldTweets3.models.Tweet.Tweet object at 0x104a33f50>
431,<GetOldTweets3.models.Tweet.Tweet object at 0x104a33250>
432,<GetOldTweets3.models.Tweet.Tweet object at 0x104a38050>
433,<GetOldTweets3.models.Tweet.Tweet object at 0x1049a7090>
434,<GetOldTweets3.models.Tweet.Tweet object at 0x1032ddb50>
435,<GetOldTweets3.models.Tweet.Tweet object at 0x1032ddad0>
436,<GetOldTweets3.models.Tweet.Tweet object at 0x104a07450>
437,<GetOldTweets3.models.Tweet.Tweet object at 0x104a07cd0>
438,<GetOldTweets3.models.Tweet.Tweet object at 0x1049fb5d0>
439,<GetOldTweets3.models.Tweet.Tweet object at 0x104a35c90>
440,<GetOldTweets3.models.Tweet.Tweet object at 0x104a38c10>
441,<GetOldTweets3.models.Tweet.Tweet object at 0x1032dd9d0>
442,<GetOldTweets3.models.Tweet.Tweet object at 0x1032e9ad0>
443,<GetOldTweets3.models.Tweet.Tweet object at 0x104a12390>
444,<GetOldTweets3.models.Tweet.Tweet object at 0x104a38d50>
445,<GetOldTweets3.models.Tweet.Tweet object at 0x104971290>
446,<GetOldTweets3.models.Tweet.Tweet object at 0x1032dd7d0>
447,<GetOldTweets3.models.Tweet.Tweet object at 0x1032dd4d0>
448,<GetOldTweets3.models.Tweet.Tweet object at 0x1032e9650>
449,<GetOldTweets3.models.Tweet.Tweet object at 0x1049a7190>
450,<GetOldTweets3.models.Tweet.Tweet object at 0x104a38590>
451,<GetOldTweets3.models.Tweet.Tweet object at 0x104a33d50>
452,<GetOldTweets3.models.Tweet.Tweet object at 0x1032ddd10>
453,<GetOldTweets3.models.Tweet.Tweet object at 0x10498f690>
454,<GetOldTweets3.models.Tweet.Tweet object at 0x1032e95d0>
455,<GetOldTweets3.models.Tweet.Tweet object at 0x1032e9110>
456,<GetOldTweets3.models.Tweet.Tweet object at 0x104a12210>
457,<GetOldTweets3.models.Tweet.Tweet object at 0x1049fb4d0>
458,<GetOldTweets3.models.Tweet.Tweet object at 0x104a38b90>
459,<GetOldTweets3.models.Tweet.Tweet object at 0x1032dab10>
460,<GetOldTweets3.models.Tweet.Tweet object at 0x1032da110>
461,<GetOldTweets3.models.Tweet.Tweet object at 0x1032e9950>
462,<GetOldTweets3.models.Tweet.Tweet object at 0x1032e9dd0>
463,<GetOldTweets3.models.Tweet.Tweet object at 0x1032ddf10>
464,<GetOldTweets3.models.Tweet.Tweet object at 0x1032ddc90>
465,<GetOldTweets3.models.Tweet.Tweet object at 0x10491f210>
466,<GetOldTweets3.models.Tweet.Tweet object at 0x10256a310>
467,<GetOldTweets3.models.Tweet.Tweet object at 0x1032e9250>
468,<GetOldTweets3.models.Tweet.Tweet object at 0x1032e9810>
469,<GetOldTweets3.models.Tweet.Tweet object at 0x1032ed5d0>
470,<GetOldTweets3.models.Tweet.Tweet object at 0x104a35f10>
471,<GetOldTweets3.models.Tweet.Tweet object at 0x104a38650>
472,<GetOldTweets3.models.Tweet.Tweet object at 0x1049a76d0>
473,<GetOldTweets3.models.Tweet.Tweet object at 0x1032e9890>
474,<GetOldTweets3.models.Tweet.Tweet object at 0x1032dd210>
475,<GetOldTweets3.models.Tweet.Tweet object at 0x1032ed190>
476,<GetOldTweets3.models.Tweet.Tweet object at 0x1032dd910>
477,<GetOldTweets3.models.Tweet.Tweet object at 0x1032ddf50>
478,<GetOldTweets3.models.Tweet.Tweet object at 0x1032da610>
479,<GetOldTweets3.models.Tweet.Tweet object at 0x104a33e10>
480,<GetOldTweets3.models.Tweet.Tweet object at 0x1032dd450>
481,<GetOldTweets3.models.Tweet.Tweet object at 0x1032ed450>
482,<GetOldTweets3.models.Tweet.Tweet object at 0x1032ed110>
483,<GetOldTweets3.models.Tweet.Tweet object at 0x1049fb510>
484,<GetOldTweets3.models.Tweet.Tweet object at 0x104a2b1d0>
485,<GetOldTweets3.models.Tweet.Tweet object at 0x1032dd890>
486,<GetOldTweets3.models.Tweet.Tweet object at 0x1032e9b90>
487,<GetOldTweets3.models.Tweet.Tweet object at 0x1032e9ed0>
488,<GetOldTweets3.models.Tweet.Tweet object at 0x1032edad0>
489,<GetOldTweets3.models.Tweet.Tweet object at 0x10484a450>
490,<GetOldTweets3.models.Tweet.Tweet object at 0x1032ddf90>
491,<GetOldTweets3.models.Tweet.Tweet object at 0x104a26d50>
492,<GetOldTweets3.models.Tweet.Tweet object at 0x1032ed890>
493,<GetOldTweets3.models.Tweet.Tweet object at 0x1032ed2d0>
494,<GetOldTweets3.models.Tweet.Tweet object at 0x1032f5050>
495,<GetOldTweets3.models.Tweet.Tweet object at 0x1032edc90>
496,<GetOldTweets3.models.Tweet.Tweet object at 0x104a07890>
497,<GetOldTweets3.models.Tweet.Tweet object at 0x1032da190>
498,<GetOldTweets3.models.Tweet.Tweet object at 0x1032e9490>
499,<GetOldTweets3.models.Tweet.Tweet object at 0x1032e9290>
500,<GetOldTweets3.models.Tweet.Tweet object at 0x104a334d0>
501,<GetOldTweets3.models.Tweet.Tweet object at 0x1032e9f50>
502,<GetOldTweets3.models.Tweet.Tweet object at 0x10490bed0>
503,<GetOldTweets3.models.Tweet.Tweet object at 0x1032ede50>
504,<GetOldTweets3.models.Tweet.Tweet object at 0x1032edb10>
505,<GetOldTweets3.models.Tweet.Tweet object at 0x1032edd10>
506,<GetOldTweets3.models.Tweet.Tweet object at 0x1032f5a90>
507,<GetOldTweets3.models.Tweet.Tweet object at 0x1032f5ed0>
508,<GetOldTweets3.models.Tweet.Tweet object at 0x1032f53d0>
509,<GetOldTweets3.models.Tweet.Tweet object at 0x1032f5890>
510,<GetOldTweets3.models.Tweet.Tweet object at 0x1032ed7d0>
511,<GetOldTweets3.models.Tweet.Tweet object at 0x1032ed710>
512,<GetOldTweets3.models.Tweet.Tweet object at 0x1032da990>
513,<GetOldTweets3.models.Tweet.Tweet object at 0x1032e9150>
514,<GetOldTweets3.models.Tweet.Tweet object at 0x1049fb110>
515,<GetOldTweets3.models.Tweet.Tweet object at 0x1032e9a10>
516,<GetOldTweets3.models.Tweet.Tweet object at 0x1032ed810>
517,<GetOldTweets3.models.Tweet.Tweet object at 0x104a124d0>
518,<GetOldTweets3.models.Tweet.Tweet object at 0x1032f5090>
519,<GetOldTweets3.models.Tweet.Tweet object at 0x1032f5c50>
520,<GetOldTweets3.models.Tweet.Tweet object at 0x104a38e90>
521,<GetOldTweets3.models.Tweet.Tweet object at 0x1032e9510>
522,<GetOldTweets3.models.Tweet.Tweet object at 0x1032edd90>
523,<GetOldTweets3.models.Tweet.Tweet object at 0x1032fd910>
524,<GetOldTweets3.models.Tweet.Tweet object at 0x1032fd6d0>
525,<GetOldTweets3.models.Tweet.Tweet object at 0x1032fdfd0>
526,<GetOldTweets3.models.Tweet.Tweet object at 0x1032fdd90>
527,<GetOldTweets3.models.Tweet.Tweet object at 0x1032fd8d0>
528,<GetOldTweets3.models.Tweet.Tweet object at 0x1032fda90>
529,<GetOldTweets3.models.Tweet.Tweet object at 0x1032edf50>
530,<GetOldTweets3.models.Tweet.Tweet object at 0x1032ed0d0>
531,<GetOldTweets3.models.Tweet.Tweet object at 0x1032ddfd0>
532,<GetOldTweets3.models.Tweet.Tweet object at 0x1032f5b10>
533,<GetOldTweets3.models.Tweet.Tweet object at 0x1032f5e90>
534,<GetOldTweets3.models.Tweet.Tweet object at 0x1032f5990>
535,<GetOldTweets3.models.Tweet.Tweet object at 0x1032da490>
536,<GetOldTweets3.models.Tweet.Tweet object at 0x1032ed9d0>
537,<GetOldTweets3.models.Tweet.Tweet object at 0x1032fd290>
538,<GetOldTweets3.models.Tweet.Tweet object at 0x1032fdd10>
539,<GetOldTweets3.models.Tweet.Tweet object at 0x103304490>
540,<GetOldTweets3.models.Tweet.Tweet object at 0x104a332d0>
541,<GetOldTweets3.models.Tweet.Tweet object at 0x1032da350>
542,<GetOldTweets3.models.Tweet.Tweet object at 0x1032f5ad0>
543,<GetOldTweets3.models.Tweet.Tweet object at 0x103304210>
544,<GetOldTweets3.models.Tweet.Tweet object at 0x1033049d0>
545,<GetOldTweets3.models.Tweet.Tweet object at 0x103304a10>
546,<GetOldTweets3.models.Tweet.Tweet object at 0x103304590>
547,<GetOldTweets3.models.Tweet.Tweet object at 0x103304890>
548,<GetOldTweets3.models.Tweet.Tweet object at 0x1032f5a50>
549,<GetOldTweets3.models.Tweet.Tweet object at 0x104a35910>
550,<GetOldTweets3.models.Tweet.Tweet object at 0x1032dd190>
551,<GetOldTweets3.models.Tweet.Tweet object at 0x104a33550>
552,<GetOldTweets3.models.Tweet.Tweet object at 0x1032fd350>
553,<GetOldTweets3.models.Tweet.Tweet object at 0x1032fd650>
554,<GetOldTweets3.models.Tweet.Tweet object at 0x1032fde90>
555,<GetOldTweets3.models.Tweet.Tweet object at 0x1032edb90>
556,<GetOldTweets3.models.Tweet.Tweet object at 0x1032f5d50>
557,<GetOldTweets3.models.Tweet.Tweet object at 0x103304550>
558,<GetOldTweets3.models.Tweet.Tweet object at 0x103304dd0>
559,<GetOldTweets3.models.Tweet.Tweet object at 0x10160f250>
560,<GetOldTweets3.models.Tweet.Tweet object at 0x1043b51d0>
561,<GetOldTweets3.models.Tweet.Tweet object at 0x1032dd6d0>
562,<GetOldTweets3.models.Tweet.Tweet object at 0x1032f5110>
563,<GetOldTweets3.models.Tweet.Tweet object at 0x104a330d0>
564,<GetOldTweets3.models.Tweet.Tweet object at 0x10160f4d0>
565,<GetOldTweets3.models.Tweet.Tweet object at 0x10160f090>
566,<GetOldTweets3.models.Tweet.Tweet object at 0x1032fded0>
567,<GetOldTweets3.models.Tweet.Tweet object at 0x104a35dd0>
568,<GetOldTweets3.models.Tweet.Tweet object at 0x103304ad0>
569,<GetOldTweets3.models.Tweet.Tweet object at 0x103304650>
570,<GetOldTweets3.models.Tweet.Tweet object at 0x10160fad0>
571,<GetOldTweets3.models.Tweet.Tweet object at 0x10160fb90>
572,<GetOldTweets3.models.Tweet.Tweet object at 0x103304410>
573,<GetOldTweets3.models.Tweet.Tweet object at 0x1032e9910>
574,<GetOldTweets3.models.Tweet.Tweet object at 0x1032ed910>
575,<GetOldTweets3.models.Tweet.Tweet object at 0x1032fd390>
576,<GetOldTweets3.models.Tweet.Tweet object at 0x1032fd990>
577,<GetOldTweets3.models.Tweet.Tweet object at 0x10160ff90>
578,<GetOldTweets3.models.Tweet.Tweet object at 0x10160ffd0>
579,<GetOldTweets3.models.Tweet.Tweet object at 0x1032f5fd0>
580,<GetOldTweets3.models.Tweet.Tweet object at 0x1032eda50>
581,<GetOldTweets3.models.Tweet.Tweet object at 0x103304190>
582,<GetOldTweets3.models.Tweet.Tweet object at 0x10160f390>
583,<GetOldTweets3.models.Tweet.Tweet object at 0x1032fd410>
584,<GetOldTweets3.models.Tweet.Tweet object at 0x101618490>
585,<GetOldTweets3.models.Tweet.Tweet object at 0x1014e6690>
586,<GetOldTweets3.models.Tweet.Tweet object at 0x1044e4510>
587,<GetOldTweets3.models.Tweet.Tweet object at 0x104971750>
588,<GetOldTweets3.models.Tweet.Tweet object at 0x10498f790>
589,<GetOldTweets3.models.Tweet.Tweet object at 0x1049a9890>
590,<GetOldTweets3.models.Tweet.Tweet object at 0x1032da050>
591,<GetOldTweets3.models.Tweet.Tweet object at 0x10452df50>
592,<GetOldTweets3.models.Tweet.Tweet object at 0x10491fd10>
593,<GetOldTweets3.models.Tweet.Tweet object at 0x1032fdc50>
594,<GetOldTweets3.models.Tweet.Tweet object at 0x1032eded0>
595,<GetOldTweets3.models.Tweet.Tweet object at 0x1032e9d10>
596,<GetOldTweets3.models.Tweet.Tweet object at 0x104a128d0>
597,<GetOldTweets3.models.Tweet.Tweet object at 0x1032ed510>
598,<GetOldTweets3.models.Tweet.Tweet object at 0x1032fd050>
599,<GetOldTweets3.models.Tweet.Tweet object at 0x1032fd850>
600,<GetOldTweets3.models.Tweet.Tweet object at 0x1032fda10>
601,<GetOldTweets3.models.Tweet.Tweet object at 0x1049a71d0>
602,<GetOldTweets3.models.Tweet.Tweet object at 0x104911510>
603,<GetOldTweets3.models.Tweet.Tweet object at 0x10498f410>
604,<GetOldTweets3.models.Tweet.Tweet object at 0x104971910>
605,<GetOldTweets3.models.Tweet.Tweet object at 0x104a38a10>
606,<GetOldTweets3.models.Tweet.Tweet object at 0x1049fd990>
607,<GetOldTweets3.models.Tweet.Tweet object at 0x101618e90>
608,<GetOldTweets3.models.Tweet.Tweet object at 0x101618d90>
609,<GetOldTweets3.models.Tweet.Tweet object at 0x101618190>
610,<GetOldTweets3.models.Tweet.Tweet object at 0x1032ed610>
611,<GetOldTweets3.models.Tweet.Tweet object at 0x1032dd590>
612,<GetOldTweets3.models.Tweet.Tweet object at 0x10498f190>
613,<GetOldTweets3.models.Tweet.Tweet object at 0x10498f5d0>
614,<GetOldTweets3.models.Tweet.Tweet object at 0x1032f59d0>
615,<GetOldTweets3.models.Tweet.Tweet object at 0x10160fed0>
616,<GetOldTweets3.models.Tweet.Tweet object at 0x10160f0d0>
617,<GetOldTweets3.models.Tweet.Tweet object at 0x1049115d0>
618,<GetOldTweets3.models.Tweet.Tweet object at 0x1044e4a50>
619,<GetOldTweets3.models.Tweet.Tweet object at 0x1032e9c90>
620,<GetOldTweets3.models.Tweet.Tweet object at 0x1032f5690>
621,<GetOldTweets3.models.Tweet.Tweet object at 0x10161a7d0>
622,<GetOldTweets3.models.Tweet.Tweet object at 0x101618250>
623,<GetOldTweets3.models.Tweet.Tweet object at 0x101618650>
624,<GetOldTweets3.models.Tweet.Tweet object at 0x1032fd4d0>
625,<GetOldTweets3.models.Tweet.Tweet object at 0x104993090>
626,<GetOldTweets3.models.Tweet.Tweet object at 0x104971ed0>
627,<GetOldTweets3.models.Tweet.Tweet object at 0x10160ff10>
628,<GetOldTweets3.models.Tweet.Tweet object at 0x10161abd0>
629,<GetOldTweets3.models.Tweet.Tweet object at 0x104971310>
630,<GetOldTweets3.models.Tweet.Tweet object at 0x1032f55d0>
631,<GetOldTweets3.models.Tweet.Tweet object at 0x104911d50>
632,<GetOldTweets3.models.Tweet.Tweet object at 0x1032dde10>
633,<GetOldTweets3.models.Tweet.Tweet object at 0x101618e50>
634,<GetOldTweets3.models.Tweet.Tweet object at 0x101618950>
635,<GetOldTweets3.models.Tweet.Tweet object at 0x10161a2d0>
636,<GetOldTweets3.models.Tweet.Tweet object at 0x10161a5d0>
637,<GetOldTweets3.models.Tweet.Tweet object at 0x1016189d0>
638,<GetOldTweets3.models.Tweet.Tweet object at 0x103304f50>
639,<GetOldTweets3.models.Tweet.Tweet object at 0x1032f5390>
640,<GetOldTweets3.models.Tweet.Tweet object at 0x10160fc50>
641,<GetOldTweets3.models.Tweet.Tweet object at 0x10161a550>
642,<GetOldTweets3.models.Tweet.Tweet object at 0x101620290>
643,<GetOldTweets3.models.Tweet.Tweet object at 0x10160fcd0>
644,<GetOldTweets3.models.Tweet.Tweet object at 0x1049713d0>
645,<GetOldTweets3.models.Tweet.Tweet object at 0x1033041d0>
646,<GetOldTweets3.models.Tweet.Tweet object at 0x10161a810>
647,<GetOldTweets3.models.Tweet.Tweet object at 0x10161a9d0>
648,<GetOldTweets3.models.Tweet.Tweet object at 0x101618350>
649,<GetOldTweets3.models.Tweet.Tweet object at 0x101620090>
650,<GetOldTweets3.models.Tweet.Tweet object at 0x101618c10>
651,<GetOldTweets3.models.Tweet.Tweet object at 0x1032ddd90>
652,<GetOldTweets3.models.Tweet.Tweet object at 0x1032e9350>
653,<GetOldTweets3.models.Tweet.Tweet object at 0x10160f050>
654,<GetOldTweets3.models.Tweet.Tweet object at 0x10161a950>
655,<GetOldTweets3.models.Tweet.Tweet object at 0x101620390>
656,<GetOldTweets3.models.Tweet.Tweet object at 0x10449a450>
657,<GetOldTweets3.models.Tweet.Tweet object at 0x10160f2d0>
658,<GetOldTweets3.models.Tweet.Tweet object at 0x104971d10>
659,<GetOldTweets3.models.Tweet.Tweet object at 0x10491fb10>
660,<GetOldTweets3.models.Tweet.Tweet object at 0x10161aa90>
661,<GetOldTweets3.models.Tweet.Tweet object at 0x101618610>
662,<GetOldTweets3.models.Tweet.Tweet object at 0x1016297d0>
663,<GetOldTweets3.models.Tweet.Tweet object at 0x10498f150>
664,<GetOldTweets3.models.Tweet.Tweet object at 0x101618910>
665,<GetOldTweets3.models.Tweet.Tweet object at 0x10161a4d0>
666,<GetOldTweets3.models.Tweet.Tweet object at 0x10161a350>
667,<GetOldTweets3.models.Tweet.Tweet object at 0x101620bd0>
668,<GetOldTweets3.models.Tweet.Tweet object at 0x101620050>
669,<GetOldTweets3.models.Tweet.Tweet object at 0x101629090>
670,<GetOldTweets3.models.Tweet.Tweet object at 0x101620e90>
671,<GetOldTweets3.models.Tweet.Tweet object at 0x101620ed0>
672,<GetOldTweets3.models.Tweet.Tweet object at 0x10254e750>
673,<GetOldTweets3.models.Tweet.Tweet object at 0x1044e4b90>
674,<GetOldTweets3.models.Tweet.Tweet object at 0x1016180d0>
675,<GetOldTweets3.models.Tweet.Tweet object at 0x101629210>
676,<GetOldTweets3.models.Tweet.Tweet object at 0x101618a10>
677,<GetOldTweets3.models.Tweet.Tweet object at 0x1032e9e90>
678,<GetOldTweets3.models.Tweet.Tweet object at 0x10161ad90>
679,<GetOldTweets3.models.Tweet.Tweet object at 0x1016202d0>
680,<GetOldTweets3.models.Tweet.Tweet object at 0x103304750>
681,<GetOldTweets3.models.Tweet.Tweet object at 0x101629190>
682,<GetOldTweets3.models.Tweet.Tweet object at 0x101629550>
683,<GetOldTweets3.models.Tweet.Tweet object at 0x101629c10>
684,<GetOldTweets3.models.Tweet.Tweet object at 0x1049a99d0>
685,<GetOldTweets3.models.Tweet.Tweet object at 0x101620110>
686,<GetOldTweets3.models.Tweet.Tweet object at 0x101620dd0>
687,<GetOldTweets3.models.Tweet.Tweet object at 0x1032f5210>
688,<GetOldTweets3.models.Tweet.Tweet object at 0x1048f5950>
689,<GetOldTweets3.models.Tweet.Tweet object at 0x101618bd0>
690,<GetOldTweets3.models.Tweet.Tweet object at 0x1032f54d0>
691,<GetOldTweets3.models.Tweet.Tweet object at 0x10161a910>
692,<GetOldTweets3.models.Tweet.Tweet object at 0x1032fdc10>
693,<GetOldTweets3.models.Tweet.Tweet object at 0x101629110>
694,<GetOldTweets3.models.Tweet.Tweet object at 0x101629f90>
695,<GetOldTweets3.models.Tweet.Tweet object at 0x101629e50>
696,<GetOldTweets3.models.Tweet.Tweet object at 0x101629810>
697,<GetOldTweets3.models.Tweet.Tweet object at 0x101629650>
698,<GetOldTweets3.models.Tweet.Tweet object at 0x1016299d0>
699,<GetOldTweets3.models.Tweet.Tweet object at 0x101620c50>
700,<GetOldTweets3.models.Tweet.Tweet object at 0x1016182d0>
701,<GetOldTweets3.models.Tweet.Tweet object at 0x10162eb90>
702,<GetOldTweets3.models.Tweet.Tweet object at 0x10162e090>
703,<GetOldTweets3.models.Tweet.Tweet object at 0x101618d50>
704,<GetOldTweets3.models.Tweet.Tweet object at 0x101618f90>
705,<GetOldTweets3.models.Tweet.Tweet object at 0x10161a410>
706,<GetOldTweets3.models.Tweet.Tweet object at 0x101620450>
707,<GetOldTweets3.models.Tweet.Tweet object at 0x1016294d0>
708,<GetOldTweets3.models.Tweet.Tweet object at 0x10162e890>
709,<GetOldTweets3.models.Tweet.Tweet object at 0x10162ee10>
710,<GetOldTweets3.models.Tweet.Tweet object at 0x10162e750>
711,<GetOldTweets3.models.Tweet.Tweet object at 0x10162e7d0>
712,<GetOldTweets3.models.Tweet.Tweet object at 0x101629d50>
713,<GetOldTweets3.models.Tweet.Tweet object at 0x103304c50>
714,<GetOldTweets3.models.Tweet.Tweet object at 0x103304d50>
715,<GetOldTweets3.models.Tweet.Tweet object at 0x10161a8d0>
716,<GetOldTweets3.models.Tweet.Tweet object at 0x1032f5250>
717,<GetOldTweets3.models.Tweet.Tweet object at 0x101618810>
718,<GetOldTweets3.models.Tweet.Tweet object at 0x101618590>
719,<GetOldTweets3.models.Tweet.Tweet object at 0x10161a250>
720,<GetOldTweets3.models.Tweet.Tweet object at 0x101629510>
721,<GetOldTweets3.models.Tweet.Tweet object at 0x10162e2d0>
722,<GetOldTweets3.models.Tweet.Tweet object at 0x101634510>
723,<GetOldTweets3.models.Tweet.Tweet object at 0x101634a10>
724,<GetOldTweets3.models.Tweet.Tweet object at 0x101634e50>
725,<GetOldTweets3.models.Tweet.Tweet object at 0x10162ec50>
726,<GetOldTweets3.models.Tweet.Tweet object at 0x10162e050>
727,<GetOldTweets3.models.Tweet.Tweet object at 0x1016293d0>
728,<GetOldTweets3.models.Tweet.Tweet object at 0x10161a990>
729,<GetOldTweets3.models.Tweet.Tweet object at 0x101618090>
730,<GetOldTweets3.models.Tweet.Tweet object at 0x101634190>
731,<GetOldTweets3.models.Tweet.Tweet object at 0x101634590>
732,<GetOldTweets3.models.Tweet.Tweet object at 0x1044e46d0>
733,<GetOldTweets3.models.Tweet.Tweet object at 0x101620410>
734,<GetOldTweets3.models.Tweet.Tweet object at 0x101629490>
735,<GetOldTweets3.models.Tweet.Tweet object at 0x101634150>
736,<GetOldTweets3.models.Tweet.Tweet object at 0x1016344d0>
737,<GetOldTweets3.models.Tweet.Tweet object at 0x10162e0d0>
738,<GetOldTweets3.models.Tweet.Tweet object at 0x10163d410>
739,<GetOldTweets3.models.Tweet.Tweet object at 0x10162ee50>
740,<GetOldTweets3.models.Tweet.Tweet object at 0x101618790>
741,<GetOldTweets3.models.Tweet.Tweet object at 0x101634750>
742,<GetOldTweets3.models.Tweet.Tweet object at 0x1016349d0>
743,<GetOldTweets3.models.Tweet.Tweet object at 0x10163d1d0>
744,<GetOldTweets3.models.Tweet.Tweet object at 0x101634610>
745,<GetOldTweets3.models.Tweet.Tweet object at 0x10160f9d0>
746,<GetOldTweets3.models.Tweet.Tweet object at 0x101620950>
747,<GetOldTweets3.models.Tweet.Tweet object at 0x1032e97d0>
748,<GetOldTweets3.models.Tweet.Tweet object at 0x10162e710>
749,<GetOldTweets3.models.Tweet.Tweet object at 0x10163dd10>
750,<GetOldTweets3.models.Tweet.Tweet object at 0x104911f90>
751,<GetOldTweets3.models.Tweet.Tweet object at 0x1016184d0>
752,<GetOldTweets3.models.Tweet.Tweet object at 0x101634c10>
753,<GetOldTweets3.models.Tweet.Tweet object at 0x10163d850>
754,<GetOldTweets3.models.Tweet.Tweet object at 0x10163d890>
755,<GetOldTweets3.models.Tweet.Tweet object at 0x101634cd0>
756,<GetOldTweets3.models.Tweet.Tweet object at 0x101618ed0>
757,<GetOldTweets3.models.Tweet.Tweet object at 0x10161ac50>
758,<GetOldTweets3.models.Tweet.Tweet object at 0x101629d90>
759,<GetOldTweets3.models.Tweet.Tweet object at 0x10162eed0>
760,<GetOldTweets3.models.Tweet.Tweet object at 0x10161a590>
761,<GetOldTweets3.models.Tweet.Tweet object at 0x101634f50>
762,<GetOldTweets3.models.Tweet.Tweet object at 0x101642190>
763,<GetOldTweets3.models.Tweet.Tweet object at 0x10162e490>
764,<GetOldTweets3.models.Tweet.Tweet object at 0x101620a90>
765,<GetOldTweets3.models.Tweet.Tweet object at 0x10160f610>
766,<GetOldTweets3.models.Tweet.Tweet object at 0x101634dd0>
767,<GetOldTweets3.models.Tweet.Tweet object at 0x10163db90>
768,<GetOldTweets3.models.Tweet.Tweet object at 0x101634350>
769,<GetOldTweets3.models.Tweet.Tweet object at 0x10255e090>
770,<GetOldTweets3.models.Tweet.Tweet object at 0x101629a90>
771,<GetOldTweets3.models.Tweet.Tweet object at 0x10163d250>
772,<GetOldTweets3.models.Tweet.Tweet object at 0x10162ef50>
773,<GetOldTweets3.models.Tweet.Tweet object at 0x10162ec90>
774,<GetOldTweets3.models.Tweet.Tweet object at 0x10163dc90>
775,<GetOldTweets3.models.Tweet.Tweet object at 0x10163d7d0>
776,<GetOldTweets3.models.Tweet.Tweet object at 0x10161a750>
777,<GetOldTweets3.models.Tweet.Tweet object at 0x101634e10>
778,<GetOldTweets3.models.Tweet.Tweet object at 0x1016427d0>
779,<GetOldTweets3.models.Tweet.Tweet object at 0x101642dd0>
780,<GetOldTweets3.models.Tweet.Tweet object at 0x101642d10>
781,<GetOldTweets3.models.Tweet.Tweet object at 0x101642810>
782,<GetOldTweets3.models.Tweet.Tweet object at 0x101634450>
783,<GetOldTweets3.models.Tweet.Tweet object at 0x10163d0d0>
784,<GetOldTweets3.models.Tweet.Tweet object at 0x10162e1d0>
785,<GetOldTweets3.models.Tweet.Tweet object at 0x10164d450>
786,<GetOldTweets3.models.Tweet.Tweet object at 0x10164d9d0>
787,<GetOldTweets3.models.Tweet.Tweet object at 0x10163dc10>
788,<GetOldTweets3.models.Tweet.Tweet object at 0x10163d950>
789,<GetOldTweets3.models.Tweet.Tweet object at 0x101620890>
790,<GetOldTweets3.models.Tweet.Tweet object at 0x101634c90>
791,<GetOldTweets3.models.Tweet.Tweet object at 0x101642050>
792,<GetOldTweets3.models.Tweet.Tweet object at 0x101642e90>
793,<GetOldTweets3.models.Tweet.Tweet object at 0x10164d550>
794,<GetOldTweets3.models.Tweet.Tweet object at 0x10164da90>
795,<GetOldTweets3.models.Tweet.Tweet object at 0x101642310>
796,<GetOldTweets3.models.Tweet.Tweet object at 0x10161a790>
797,<GetOldTweets3.models.Tweet.Tweet object at 0x101620190>
798,<GetOldTweets3.models.Tweet.Tweet object at 0x10163da90>
799,<GetOldTweets3.models.Tweet.Tweet object at 0x10163d190>
800,<GetOldTweets3.models.Tweet.Tweet object at 0x101629850>
801,<GetOldTweets3.models.Tweet.Tweet object at 0x1032ed210>
802,<GetOldTweets3.models.Tweet.Tweet object at 0x1032ed690>
803,<GetOldTweets3.models.Tweet.Tweet object at 0x10163df10>
804,<GetOldTweets3.models.Tweet.Tweet object at 0x101634a90>
805,<GetOldTweets3.models.Tweet.Tweet object at 0x101642b10>
806,<GetOldTweets3.models.Tweet.Tweet object at 0x101642f50>
807,<GetOldTweets3.models.Tweet.Tweet object at 0x10164d110>
808,<GetOldTweets3.models.Tweet.Tweet object at 0x10164d390>
809,<GetOldTweets3.models.Tweet.Tweet object at 0x101642a10>
810,<GetOldTweets3.models.Tweet.Tweet object at 0x101618150>
811,<GetOldTweets3.models.Tweet.Tweet object at 0x101634f90>
812,<GetOldTweets3.models.Tweet.Tweet object at 0x10163d390>
813,<GetOldTweets3.models.Tweet.Tweet object at 0x10163d810>
814,<GetOldTweets3.models.Tweet.Tweet object at 0x10164d7d0>
815,<GetOldTweets3.models.Tweet.Tweet object at 0x10164d310>
816,<GetOldTweets3.models.Tweet.Tweet object at 0x1032e99d0>
817,<GetOldTweets3.models.Tweet.Tweet object at 0x10161a310>
818,<GetOldTweets3.models.Tweet.Tweet object at 0x1016208d0>
819,<GetOldTweets3.models.Tweet.Tweet object at 0x101634d90>
820,<GetOldTweets3.models.Tweet.Tweet object at 0x10163ddd0>
821,<GetOldTweets3.models.Tweet.Tweet object at 0x10164d190>
822,<GetOldTweets3.models.Tweet.Tweet object at 0x101c7b690>
823,<GetOldTweets3.models.Tweet.Tweet object at 0x101629b50>
824,<GetOldTweets3.models.Tweet.Tweet object at 0x10163df50>
825,<GetOldTweets3.models.Tweet.Tweet object at 0x10162e990>
826,<GetOldTweets3.models.Tweet.Tweet object at 0x10164da10>
827,<GetOldTweets3.models.Tweet.Tweet object at 0x101634b50>
828,<GetOldTweets3.models.Tweet.Tweet object at 0x101642910>
829,<GetOldTweets3.models.Tweet.Tweet object at 0x101c7b950>
830,<GetOldTweets3.models.Tweet.Tweet object at 0x101642450>
831,<GetOldTweets3.models.Tweet.Tweet object at 0x101634c50>
832,<GetOldTweets3.models.Tweet.Tweet object at 0x10164d410>
833,<GetOldTweets3.models.Tweet.Tweet object at 0x1032e9310>
834,<GetOldTweets3.models.Tweet.Tweet object at 0x10160f7d0>
835,<GetOldTweets3.models.Tweet.Tweet object at 0x10163d150>
836,<GetOldTweets3.models.Tweet.Tweet object at 0x101c7b410>
837,<GetOldTweets3.models.Tweet.Tweet object at 0x101c7b210>
838,<GetOldTweets3.models.Tweet.Tweet object at 0x1032dda90>
839,<GetOldTweets3.models.Tweet.Tweet object at 0x10164dad0>
840,<GetOldTweets3.models.Tweet.Tweet object at 0x10161a190>
841,<GetOldTweets3.models.Tweet.Tweet object at 0x101c7bad0>
842,<GetOldTweets3.models.Tweet.Tweet object at 0x101c7bb50>
843,<GetOldTweets3.models.Tweet.Tweet object at 0x101642ed0>
844,<GetOldTweets3.models.Tweet.Tweet object at 0x101642e10>
845,<GetOldTweets3.models.Tweet.Tweet object at 0x10164d650>
846,<GetOldTweets3.models.Tweet.Tweet object at 0x1032dad50>
847,<GetOldTweets3.models.Tweet.Tweet object at 0x101c7b190>
848,<GetOldTweets3.models.Tweet.Tweet object at 0x10163d510>
849,<GetOldTweets3.models.Tweet.Tweet object at 0x101c7b910>
850,<GetOldTweets3.models.Tweet.Tweet object at 0x10163dc50>
851,<GetOldTweets3.models.Tweet.Tweet object at 0x10163d790>
852,<GetOldTweets3.models.Tweet.Tweet object at 0x10164d950>
853,<GetOldTweets3.models.Tweet.Tweet object at 0x101642650>
854,<GetOldTweets3.models.Tweet.Tweet object at 0x101c7b290>
855,<GetOldTweets3.models.Tweet.Tweet object at 0x101c7bcd0>
856,<GetOldTweets3.models.Tweet.Tweet object at 0x101c81710>
857,<GetOldTweets3.models.Tweet.Tweet object at 0x101c7b250>
858,<GetOldTweets3.models.Tweet.Tweet object at 0x101c7b450>
859,<GetOldTweets3.models.Tweet.Tweet object at 0x101642b90>
860,<GetOldTweets3.models.Tweet.Tweet object at 0x10163d590>
861,<GetOldTweets3.models.Tweet.Tweet object at 0x101c81d50>
862,<GetOldTweets3.models.Tweet.Tweet object at 0x101c81510>
863,<GetOldTweets3.models.Tweet.Tweet object at 0x101c81fd0>
864,<GetOldTweets3.models.Tweet.Tweet object at 0x101c815d0>
865,<GetOldTweets3.models.Tweet.Tweet object at 0x101c814d0>
866,<GetOldTweets3.models.Tweet.Tweet object at 0x101c81ad0>
867,<GetOldTweets3.models.Tweet.Tweet object at 0x10164de90>
868,<GetOldTweets3.models.Tweet.Tweet object at 0x10164dfd0>
869,<GetOldTweets3.models.Tweet.Tweet object at 0x1016428d0>
870,<GetOldTweets3.models.Tweet.Tweet object at 0x101c7bbd0>
871,<GetOldTweets3.models.Tweet.Tweet object at 0x101c7b650>
872,<GetOldTweets3.models.Tweet.Tweet object at 0x101c7bdd0>
873,<GetOldTweets3.models.Tweet.Tweet object at 0x10164de10>
874,<GetOldTweets3.models.Tweet.Tweet object at 0x1032fde10>
875,<GetOldTweets3.models.Tweet.Tweet object at 0x101c81050>
876,<GetOldTweets3.models.Tweet.Tweet object at 0x101c81e50>
877,<GetOldTweets3.models.Tweet.Tweet object at 0x101c85410>
878,<GetOldTweets3.models.Tweet.Tweet object at 0x101c81f50>
879,<GetOldTweets3.models.Tweet.Tweet object at 0x1032da910>
880,<GetOldTweets3.models.Tweet.Tweet object at 0x101629b10>
881,<GetOldTweets3.models.Tweet.Tweet object at 0x101c7b110>
882,<GetOldTweets3.models.Tweet.Tweet object at 0x101c85790>
883,<GetOldTweets3.models.Tweet.Tweet object at 0x101c85810>
884,<GetOldTweets3.models.Tweet.Tweet object at 0x101c85bd0>
885,<GetOldTweets3.models.Tweet.Tweet object at 0x101c85210>
886,<GetOldTweets3.models.Tweet.Tweet object at 0x101c85590>
887,<GetOldTweets3.models.Tweet.Tweet object at 0x101c7be90>
888,<GetOldTweets3.models.Tweet.Tweet object at 0x10164d350>
889,<GetOldTweets3.models.Tweet.Tweet object at 0x1032e93d0>
890,<GetOldTweets3.models.Tweet.Tweet object at 0x101634490>
891,<GetOldTweets3.models.Tweet.Tweet object at 0x101c81e90>
892,<GetOldTweets3.models.Tweet.Tweet object at 0x1032da790>
893,<GetOldTweets3.models.Tweet.Tweet object at 0x10164d890>
894,<GetOldTweets3.models.Tweet.Tweet object at 0x1016421d0>
895,<GetOldTweets3.models.Tweet.Tweet object at 0x101c85750>
896,<GetOldTweets3.models.Tweet.Tweet object at 0x101c85b10>
897,<GetOldTweets3.models.Tweet.Tweet object at 0x101c85c50>
898,<GetOldTweets3.models.Tweet.Tweet object at 0x101c81d90>
899,<GetOldTweets3.models.Tweet.Tweet object at 0x101c8e510>
900,<GetOldTweets3.models.Tweet.Tweet object at 0x101c81810>
901,<GetOldTweets3.models.Tweet.Tweet object at 0x1016423d0>
902,<GetOldTweets3.models.Tweet.Tweet object at 0x101c85510>
903,<GetOldTweets3.models.Tweet.Tweet object at 0x101c7ba50>
904,<GetOldTweets3.models.Tweet.Tweet object at 0x101c8e790>
905,<GetOldTweets3.models.Tweet.Tweet object at 0x101c8ea10>
906,<GetOldTweets3.models.Tweet.Tweet object at 0x101c8ea90>
907,<GetOldTweets3.models.Tweet.Tweet object at 0x101642750>
908,<GetOldTweets3.models.Tweet.Tweet object at 0x10164db10>
909,<GetOldTweets3.models.Tweet.Tweet object at 0x101c8ed10>
910,<GetOldTweets3.models.Tweet.Tweet object at 0x101c8e0d0>
911,<GetOldTweets3.models.Tweet.Tweet object at 0x101c8eb90>
912,<GetOldTweets3.models.Tweet.Tweet object at 0x101c81a50>
913,<GetOldTweets3.models.Tweet.Tweet object at 0x101c85dd0>
914,<GetOldTweets3.models.Tweet.Tweet object at 0x101c813d0>
915,<GetOldTweets3.models.Tweet.Tweet object at 0x101618c90>
916,<GetOldTweets3.models.Tweet.Tweet object at 0x101c8e550>
917,<GetOldTweets3.models.Tweet.Tweet object at 0x101c8e210>
918,<GetOldTweets3.models.Tweet.Tweet object at 0x101c7b3d0>
919,<GetOldTweets3.models.Tweet.Tweet object at 0x101c85ad0>
920,<GetOldTweets3.models.Tweet.Tweet object at 0x1043edb10>
921,<GetOldTweets3.models.Tweet.Tweet object at 0x101c8ec50>
922,<GetOldTweets3.models.Tweet.Tweet object at 0x101c8e810>
923,<GetOldTweets3.models.Tweet.Tweet object at 0x101c8ef90>
924,<GetOldTweets3.models.Tweet.Tweet object at 0x101c81f10>
925,<GetOldTweets3.models.Tweet.Tweet object at 0x101c850d0>
926,<GetOldTweets3.models.Tweet.Tweet object at 0x101c8a4d0>
927,<GetOldTweets3.models.Tweet.Tweet object at 0x101c85f90>
928,<GetOldTweets3.models.Tweet.Tweet object at 0x101c81850>
929,<GetOldTweets3.models.Tweet.Tweet object at 0x10164d6d0>
930,<GetOldTweets3.models.Tweet.Tweet object at 0x101c8ee50>
931,<GetOldTweets3.models.Tweet.Tweet object at 0x101c8e7d0>
932,<GetOldTweets3.models.Tweet.Tweet object at 0x101c7bfd0>
933,<GetOldTweets3.models.Tweet.Tweet object at 0x101c8a0d0>
934,<GetOldTweets3.models.Tweet.Tweet object at 0x101c7b750>
935,<GetOldTweets3.models.Tweet.Tweet object at 0x101c8e9d0>
936,<GetOldTweets3.models.Tweet.Tweet object at 0x10164ddd0>
937,<GetOldTweets3.models.Tweet.Tweet object at 0x101c81750>
938,<GetOldTweets3.models.Tweet.Tweet object at 0x101c85350>
939,<GetOldTweets3.models.Tweet.Tweet object at 0x101c8a510>
940,<GetOldTweets3.models.Tweet.Tweet object at 0x101c854d0>
941,<GetOldTweets3.models.Tweet.Tweet object at 0x101c85a90>
942,<GetOldTweets3.models.Tweet.Tweet object at 0x101c85f10>
943,<GetOldTweets3.models.Tweet.Tweet object at 0x101c8ee10>
944,<GetOldTweets3.models.Tweet.Tweet object at 0x104971390>
945,<GetOldTweets3.models.Tweet.Tweet object at 0x101c8a5d0>
946,<GetOldTweets3.models.Tweet.Tweet object at 0x101c8aa10>
947,<GetOldTweets3.models.Tweet.Tweet object at 0x101c98110>
948,<GetOldTweets3.models.Tweet.Tweet object at 0x101c8ae50>
949,<GetOldTweets3.models.Tweet.Tweet object at 0x101c8aad0>
950,<GetOldTweets3.models.Tweet.Tweet object at 0x101c8e090>
951,<GetOldTweets3.models.Tweet.Tweet object at 0x10164d250>
952,<GetOldTweets3.models.Tweet.Tweet object at 0x101c81ed0>
953,<GetOldTweets3.models.Tweet.Tweet object at 0x101c85e90>
954,<GetOldTweets3.models.Tweet.Tweet object at 0x101c98390>
955,<GetOldTweets3.models.Tweet.Tweet object at 0x10161a1d0>
956,<GetOldTweets3.models.Tweet.Tweet object at 0x101c85690>
957,<GetOldTweets3.models.Tweet.Tweet object at 0x101c8e3d0>
958,<GetOldTweets3.models.Tweet.Tweet object at 0x101c8ea50>
959,<GetOldTweets3.models.Tweet.Tweet object at 0x101c8a590>
960,<GetOldTweets3.models.Tweet.Tweet object at 0x101c8ac50>
961,<GetOldTweets3.models.Tweet.Tweet object at 0x101c98dd0>
962,<GetOldTweets3.models.Tweet.Tweet object at 0x101c98750>
963,<GetOldTweets3.models.Tweet.Tweet object at 0x101c98e90>
964,<GetOldTweets3.models.Tweet.Tweet object at 0x101c8ab50>
965,<GetOldTweets3.models.Tweet.Tweet object at 0x101c7b9d0>
966,<GetOldTweets3.models.Tweet.Tweet object at 0x101c8ac90>
967,<GetOldTweets3.models.Tweet.Tweet object at 0x10164d990>
968,<GetOldTweets3.models.Tweet.Tweet object at 0x101c85990>
969,<GetOldTweets3.models.Tweet.Tweet object at 0x101c85ed0>
970,<GetOldTweets3.models.Tweet.Tweet object at 0x101c81c90>
971,<GetOldTweets3.models.Tweet.Tweet object at 0x101c7b5d0>
972,<GetOldTweets3.models.Tweet.Tweet object at 0x101c8a650>
973,<GetOldTweets3.models.Tweet.Tweet object at 0x101c8a250>
974,<GetOldTweets3.models.Tweet.Tweet object at 0x101c98350>
975,<GetOldTweets3.models.Tweet.Tweet object at 0x101c9d750>
976,<GetOldTweets3.models.Tweet.Tweet object at 0x101c989d0>
977,<GetOldTweets3.models.Tweet.Tweet object at 0x101c98250>
978,<GetOldTweets3.models.Tweet.Tweet object at 0x101c8a110>
979,<GetOldTweets3.models.Tweet.Tweet object at 0x101c8a3d0>
980,<GetOldTweets3.models.Tweet.Tweet object at 0x10160ff50>
981,<GetOldTweets3.models.Tweet.Tweet object at 0x101c9d290>
982,<GetOldTweets3.models.Tweet.Tweet object at 0x101c9d550>
983,<GetOldTweets3.models.Tweet.Tweet object at 0x101c81bd0>
984,<GetOldTweets3.models.Tweet.Tweet object at 0x101c8e110>
985,<GetOldTweets3.models.Tweet.Tweet object at 0x101c7b7d0>
986,<GetOldTweets3.models.Tweet.Tweet object at 0x101c8a710>
987,<GetOldTweets3.models.Tweet.Tweet object at 0x101c98550>
988,<GetOldTweets3.models.Tweet.Tweet object at 0x101c9db90>
989,<GetOldTweets3.models.Tweet.Tweet object at 0x101c9d7d0>
990,<GetOldTweets3.models.Tweet.Tweet object at 0x101c8a910>
991,<GetOldTweets3.models.Tweet.Tweet object at 0x101c8a790>
992,<GetOldTweets3.models.Tweet.Tweet object at 0x101c81b50>
993,<GetOldTweets3.models.Tweet.Tweet object at 0x101c9d950>
994,<GetOldTweets3.models.Tweet.Tweet object at 0x101c852d0>
995,<GetOldTweets3.models.Tweet.Tweet object at 0x101c98450>
996,<GetOldTweets3.models.Tweet.Tweet object at 0x101c98ed0>
997,<GetOldTweets3.models.Tweet.Tweet object at 0x101c85890>
998,<GetOldTweets3.models.Tweet.Tweet object at 0x101c9dd90>
999,<GetOldTweets3.models.Tweet.Tweet object at 0x1032ed150>
1000,<GetOldTweets3.models.Tweet.Tweet object at 0x101c8ae10>
1001,<GetOldTweets3.models.Tweet.Tweet object at 0x101c98e10>
1002,<GetOldTweets3.models.Tweet.Tweet object at 0x101c98ad0>
1003,<GetOldTweets3.models.Tweet.Tweet object at 0x101ca91d0>
1004,<GetOldTweets3.models.Tweet.Tweet object at 0x101ca9bd0>
1005,<GetOldTweets3.models.Tweet.Tweet object at 0x10164df10>
1006,<GetOldTweets3.models.Tweet.Tweet object at 0x101c8e590>
1007,<GetOldTweets3.models.Tweet.Tweet object at 0x101c9dc10>
1008,<GetOldTweets3.models.Tweet.Tweet object at 0x101c85c10>
1009,<GetOldTweets3.models.Tweet.Tweet object at 0x101c98a50>
1010,<GetOldTweets3.models.Tweet.Tweet object at 0x101c98910>
1011,<GetOldTweets3.models.Tweet.Tweet object at 0x101ca9b50>
1012,<GetOldTweets3.models.Tweet.Tweet object at 0x101ca9350>
1013,<GetOldTweets3.models.Tweet.Tweet object at 0x101c85950>
1014,<GetOldTweets3.models.Tweet.Tweet object at 0x101c9d590>
1015,<GetOldTweets3.models.Tweet.Tweet object at 0x101c81a10>
1016,<GetOldTweets3.models.Tweet.Tweet object at 0x101642710>
1017,<GetOldTweets3.models.Tweet.Tweet object at 0x101c8ab90>
1018,<GetOldTweets3.models.Tweet.Tweet object at 0x101ca9750>
1019,<GetOldTweets3.models.Tweet.Tweet object at 0x101ca9450>
1020,<GetOldTweets3.models.Tweet.Tweet object at 0x101c8a310>
1021,<GetOldTweets3.models.Tweet.Tweet object at 0x101ca9e50>
1022,<GetOldTweets3.models.Tweet.Tweet object at 0x101ca9c50>
1023,<GetOldTweets3.models.Tweet.Tweet object at 0x101c98d90>
1024,<GetOldTweets3.models.Tweet.Tweet object at 0x101cb0350>
1025,<GetOldTweets3.models.Tweet.Tweet object at 0x101cb0750>
1026,<GetOldTweets3.models.Tweet.Tweet object at 0x101c98690>
1027,<GetOldTweets3.models.Tweet.Tweet object at 0x101c9da90>
1028,<GetOldTweets3.models.Tweet.Tweet object at 0x101c9d790>
1029,<GetOldTweets3.models.Tweet.Tweet object at 0x101ca9590>
1030,<GetOldTweets3.models.Tweet.Tweet object at 0x101ca9490>
1031,<GetOldTweets3.models.Tweet.Tweet object at 0x101cb0590>
1032,<GetOldTweets3.models.Tweet.Tweet object at 0x101cb0210>
1033,<GetOldTweets3.models.Tweet.Tweet object at 0x101c8add0>
1034,<GetOldTweets3.models.Tweet.Tweet object at 0x101ca9910>
1035,<GetOldTweets3.models.Tweet.Tweet object at 0x101c81b10>
1036,<GetOldTweets3.models.Tweet.Tweet object at 0x101c9da10>
1037,<GetOldTweets3.models.Tweet.Tweet object at 0x101c98710>
1038,<GetOldTweets3.models.Tweet.Tweet object at 0x101cb0890>
1039,<GetOldTweets3.models.Tweet.Tweet object at 0x101cb0d90>
1040,<GetOldTweets3.models.Tweet.Tweet object at 0x101c98050>
1041,<GetOldTweets3.models.Tweet.Tweet object at 0x101ca9210>
1042,<GetOldTweets3.models.Tweet.Tweet object at 0x101ca9410>
1043,<GetOldTweets3.models.Tweet.Tweet object at 0x101cb0f50>
1044,<GetOldTweets3.models.Tweet.Tweet object at 0x101cb08d0>
1045,<GetOldTweets3.models.Tweet.Tweet object at 0x101cb4510>
1046,<GetOldTweets3.models.Tweet.Tweet object at 0x101c8a890>
1047,<GetOldTweets3.models.Tweet.Tweet object at 0x101c8e890>
1048,<GetOldTweets3.models.Tweet.Tweet object at 0x101c85290>
1049,<GetOldTweets3.models.Tweet.Tweet object at 0x101cb04d0>
1050,<GetOldTweets3.models.Tweet.Tweet object at 0x101cb0490>
1051,<GetOldTweets3.models.Tweet.Tweet object at 0x101c7bc10>
1052,<GetOldTweets3.models.Tweet.Tweet object at 0x101cb4350>
1053,<GetOldTweets3.models.Tweet.Tweet object at 0x101cb4090>
1054,<GetOldTweets3.models.Tweet.Tweet object at 0x101cb0b50>
1055,<GetOldTweets3.models.Tweet.Tweet object at 0x101c98d10>
1056,<GetOldTweets3.models.Tweet.Tweet object at 0x101c9d9d0>
1057,<GetOldTweets3.models.Tweet.Tweet object at 0x101ca9990>
1058,<GetOldTweets3.models.Tweet.Tweet object at 0x101ca9250>
1059,<GetOldTweets3.models.Tweet.Tweet object at 0x101cb44d0>
1060,<GetOldTweets3.models.Tweet.Tweet object at 0x101c8e250>
1061,<GetOldTweets3.models.Tweet.Tweet object at 0x101ca9e90>
1062,<GetOldTweets3.models.Tweet.Tweet object at 0x101cb06d0>
1063,<GetOldTweets3.models.Tweet.Tweet object at 0x101cb0090>
1064,<GetOldTweets3.models.Tweet.Tweet object at 0x101cb4890>
1065,<GetOldTweets3.models.Tweet.Tweet object at 0x101cb45d0>
1066,<GetOldTweets3.models.Tweet.Tweet object at 0x1033d9410>
1067,<GetOldTweets3.models.Tweet.Tweet object at 0x101cb4110>
1068,<GetOldTweets3.models.Tweet.Tweet object at 0x101cb4490>
1069,<GetOldTweets3.models.Tweet.Tweet object at 0x101cb00d0>
1070,<GetOldTweets3.models.Tweet.Tweet object at 0x101cb0bd0>
1071,<GetOldTweets3.models.Tweet.Tweet object at 0x101cb0510>
1072,<GetOldTweets3.models.Tweet.Tweet object at 0x101ca9890>
1073,<GetOldTweets3.models.Tweet.Tweet object at 0x1033d9590>
1074,<GetOldTweets3.models.Tweet.Tweet object at 0x101ca9710>
1075,<GetOldTweets3.models.Tweet.Tweet object at 0x101c9d8d0>
1076,<GetOldTweets3.models.Tweet.Tweet object at 0x101634fd0>
1077,<GetOldTweets3.models.Tweet.Tweet object at 0x101cb40d0>
1078,<GetOldTweets3.models.Tweet.Tweet object at 0x101cb4810>
1079,<GetOldTweets3.models.Tweet.Tweet object at 0x1033d92d0>
1080,<GetOldTweets3.models.Tweet.Tweet object at 0x1033d9290>
1081,<GetOldTweets3.models.Tweet.Tweet object at 0x1033d9150>
1082,<GetOldTweets3.models.Tweet.Tweet object at 0x101cb47d0>
1083,<GetOldTweets3.models.Tweet.Tweet object at 0x101cb4c50>
1084,<GetOldTweets3.models.Tweet.Tweet object at 0x101c98590>
1085,<GetOldTweets3.models.Tweet.Tweet object at 0x101cb0c90>
1086,<GetOldTweets3.models.Tweet.Tweet object at 0x101ca9b10>
1087,<GetOldTweets3.models.Tweet.Tweet object at 0x1033d7490>
1088,<GetOldTweets3.models.Tweet.Tweet object at 0x10164d4d0>
1089,<GetOldTweets3.models.Tweet.Tweet object at 0x101c98a90>
1090,<GetOldTweets3.models.Tweet.Tweet object at 0x101cb0c10>
1091,<GetOldTweets3.models.Tweet.Tweet object at 0x101cb4910>
1092,<GetOldTweets3.models.Tweet.Tweet object at 0x1033d9810>
1093,<GetOldTweets3.models.Tweet.Tweet object at 0x1033d7310>
1094,<GetOldTweets3.models.Tweet.Tweet object at 0x1033d7910>
1095,<GetOldTweets3.models.Tweet.Tweet object at 0x1033d9690>
1096,<GetOldTweets3.models.Tweet.Tweet object at 0x101cb41d0>
1097,<GetOldTweets3.models.Tweet.Tweet object at 0x101cb0e10>
1098,<GetOldTweets3.models.Tweet.Tweet object at 0x101ca9110>
1099,<GetOldTweets3.models.Tweet.Tweet object at 0x1033d7210>
1100,<GetOldTweets3.models.Tweet.Tweet object at 0x101cb4250>
1101,<GetOldTweets3.models.Tweet.Tweet object at 0x101ca93d0>
1102,<GetOldTweets3.models.Tweet.Tweet object at 0x101ca96d0>
1103,<GetOldTweets3.models.Tweet.Tweet object at 0x101cb0390>
1104,<GetOldTweets3.models.Tweet.Tweet object at 0x101cb4310>
1105,<GetOldTweets3.models.Tweet.Tweet object at 0x1033d7350>
1106,<GetOldTweets3.models.Tweet.Tweet object at 0x1033d7750>
1107,<GetOldTweets3.models.Tweet.Tweet object at 0x1033d9850>
1108,<GetOldTweets3.models.Tweet.Tweet object at 0x1033d9050>
1109,<GetOldTweets3.models.Tweet.Tweet object at 0x1033d75d0>
1110,<GetOldTweets3.models.Tweet.Tweet object at 0x1033d7f10>
1111,<GetOldTweets3.models.Tweet.Tweet object at 0x101cb0290>
1112,<GetOldTweets3.models.Tweet.Tweet object at 0x101cb4190>
1113,<GetOldTweets3.models.Tweet.Tweet object at 0x1033e2fd0>
1114,<GetOldTweets3.models.Tweet.Tweet object at 0x101c98b50>
1115,<GetOldTweets3.models.Tweet.Tweet object at 0x101cb4950>
1116,<GetOldTweets3.models.Tweet.Tweet object at 0x1033d7ed0>
1117,<GetOldTweets3.models.Tweet.Tweet object at 0x1033d7690>
1118,<GetOldTweets3.models.Tweet.Tweet object at 0x1033d9510>
1119,<GetOldTweets3.models.Tweet.Tweet object at 0x1033e2cd0>
1120,<GetOldTweets3.models.Tweet.Tweet object at 0x1033d9f50>
1121,<GetOldTweets3.models.Tweet.Tweet object at 0x1033d7b10>
1122,<GetOldTweets3.models.Tweet.Tweet object at 0x101cb4990>
1123,<GetOldTweets3.models.Tweet.Tweet object at 0x101cb0d10>
1124,<GetOldTweets3.models.Tweet.Tweet object at 0x1033e2650>
1125,<GetOldTweets3.models.Tweet.Tweet object at 0x1033e2e10>
1126,<GetOldTweets3.models.Tweet.Tweet object at 0x1033e20d0>
1127,<GetOldTweets3.models.Tweet.Tweet object at 0x1033e4fd0>
1128,<GetOldTweets3.models.Tweet.Tweet object at 0x1033e2f50>
1129,<GetOldTweets3.models.Tweet.Tweet object at 0x101cb0c50>
1130,<GetOldTweets3.models.Tweet.Tweet object at 0x101cb4d10>
1131,<GetOldTweets3.models.Tweet.Tweet object at 0x1033d72d0>
1132,<GetOldTweets3.models.Tweet.Tweet object at 0x1033d7110>
1133,<GetOldTweets3.models.Tweet.Tweet object at 0x1033e4ed0>
1134,<GetOldTweets3.models.Tweet.Tweet object at 0x1033d7d50>
1135,<GetOldTweets3.models.Tweet.Tweet object at 0x101cb4b50>
1136,<GetOldTweets3.models.Tweet.Tweet object at 0x101c9d090>
1137,<GetOldTweets3.models.Tweet.Tweet object at 0x1033e2110>
1138,<GetOldTweets3.models.Tweet.Tweet object at 0x1033e24d0>
1139,<GetOldTweets3.models.Tweet.Tweet object at 0x1033e44d0>
1140,<GetOldTweets3.models.Tweet.Tweet object at 0x1033d95d0>
1141,<GetOldTweets3.models.Tweet.Tweet object at 0x101ca9ed0>
1142,<GetOldTweets3.models.Tweet.Tweet object at 0x1033e2e50>
1143,<GetOldTweets3.models.Tweet.Tweet object at 0x101c98990>
1144,<GetOldTweets3.models.Tweet.Tweet object at 0x1033d9210>
1145,<GetOldTweets3.models.Tweet.Tweet object at 0x1033d7b50>
1146,<GetOldTweets3.models.Tweet.Tweet object at 0x1033f1350>
1147,<GetOldTweets3.models.Tweet.Tweet object at 0x1033f12d0>
1148,<GetOldTweets3.models.Tweet.Tweet object at 0x1033f1950>
1149,<GetOldTweets3.models.Tweet.Tweet object at 0x1033f1f90>
1150,<GetOldTweets3.models.Tweet.Tweet object at 0x1033f1f10>
1151,<GetOldTweets3.models.Tweet.Tweet object at 0x1033d7f50>
1152,<GetOldTweets3.models.Tweet.Tweet object at 0x101cb0550>
1153,<GetOldTweets3.models.Tweet.Tweet object at 0x101cb4c10>
1154,<GetOldTweets3.models.Tweet.Tweet object at 0x101ca97d0>
1155,<GetOldTweets3.models.Tweet.Tweet object at 0x1033e4050>
1156,<GetOldTweets3.models.Tweet.Tweet object at 0x1033e4850>
1157,<GetOldTweets3.models.Tweet.Tweet object at 0x101c7bd10>
1158,<GetOldTweets3.models.Tweet.Tweet object at 0x1033f11d0>
1159,<GetOldTweets3.models.Tweet.Tweet object at 0x1033d7c10>
1160,<GetOldTweets3.models.Tweet.Tweet object at 0x1033d9bd0>
1161,<GetOldTweets3.models.Tweet.Tweet object at 0x1033e2050>
1162,<GetOldTweets3.models.Tweet.Tweet object at 0x1033d9b10>
1163,<GetOldTweets3.models.Tweet.Tweet object at 0x1033d77d0>
1164,<GetOldTweets3.models.Tweet.Tweet object at 0x1033f1850>
1165,<GetOldTweets3.models.Tweet.Tweet object at 0x101c98650>
1166,<GetOldTweets3.models.Tweet.Tweet object at 0x1033e2dd0>
1167,<GetOldTweets3.models.Tweet.Tweet object at 0x1033e21d0>
1168,<GetOldTweets3.models.Tweet.Tweet object at 0x1033e4c50>
1169,<GetOldTweets3.models.Tweet.Tweet object at 0x101ca9c90>
1170,<GetOldTweets3.models.Tweet.Tweet object at 0x1033f16d0>
1171,<GetOldTweets3.models.Tweet.Tweet object at 0x1033f14d0>
1172,<GetOldTweets3.models.Tweet.Tweet object at 0x1033e2a90>
1173,<GetOldTweets3.models.Tweet.Tweet object at 0x1033e2d90>
1174,<GetOldTweets3.models.Tweet.Tweet object at 0x1033d9c10>
1175,<GetOldTweets3.models.Tweet.Tweet object at 0x1033e4610>
1176,<GetOldTweets3.models.Tweet.Tweet object at 0x1033e23d0>
1177,<GetOldTweets3.models.Tweet.Tweet object at 0x1033e27d0>
1178,<GetOldTweets3.models.Tweet.Tweet object at 0x1033d74d0>
1179,<GetOldTweets3.models.Tweet.Tweet object at 0x1033f13d0>
1180,<GetOldTweets3.models.Tweet.Tweet object at 0x101c9d690>
1181,<GetOldTweets3.models.Tweet.Tweet object at 0x1033e4d10>
1182,<GetOldTweets3.models.Tweet.Tweet object at 0x1033e48d0>
1183,<GetOldTweets3.models.Tweet.Tweet object at 0x101cb4cd0>
1184,<GetOldTweets3.models.Tweet.Tweet object at 0x1033f18d0>
1185,<GetOldTweets3.models.Tweet.Tweet object at 0x1033f1c90>
1186,<GetOldTweets3.models.Tweet.Tweet object at 0x1033e26d0>
1187,<GetOldTweets3.models.Tweet.Tweet object at 0x1033e2ad0>
1188,<GetOldTweets3.models.Tweet.Tweet object at 0x1033d9d90>
1189,<GetOldTweets3.models.Tweet.Tweet object at 0x1033d9c50>
1190,<GetOldTweets3.models.Tweet.Tweet object at 0x1033e2710>
1191,<GetOldTweets3.models.Tweet.Tweet object at 0x1033d7090>
1192,<GetOldTweets3.models.Tweet.Tweet object at 0x101c98f50>
1193,<GetOldTweets3.models.Tweet.Tweet object at 0x1033f1fd0>
1194,<GetOldTweets3.models.Tweet.Tweet object at 0x1033f1e10>
1195,<GetOldTweets3.models.Tweet.Tweet object at 0x1033e4b90>
1196,<GetOldTweets3.models.Tweet.Tweet object at 0x1033e4350>
1197,<GetOldTweets3.models.Tweet.Tweet object at 0x1033e4890>
1198,<GetOldTweets3.models.Tweet.Tweet object at 0x1033e40d0>
1199,<GetOldTweets3.models.Tweet.Tweet object at 0x1033e4e10>
1200,<GetOldTweets3.models.Tweet.Tweet object at 0x101c8ed50>
1201,<GetOldTweets3.models.Tweet.Tweet object at 0x1033e4910>
1202,<GetOldTweets3.models.Tweet.Tweet object at 0x1033d9d50>
1203,<GetOldTweets3.models.Tweet.Tweet object at 0x1033f1710>
1204,<GetOldTweets3.models.Tweet.Tweet object at 0x1033d9f10>
1205,<GetOldTweets3.models.Tweet.Tweet object at 0x1033d9390>
1206,<GetOldTweets3.models.Tweet.Tweet object at 0x1033e2350>
1207,<GetOldTweets3.models.Tweet.Tweet object at 0x101c9dd10>
1208,<GetOldTweets3.models.Tweet.Tweet object at 0x1033f1110>
1209,<GetOldTweets3.models.Tweet.Tweet object at 0x1033f1610>
1210,<GetOldTweets3.models.Tweet.Tweet object at 0x1033e4950>
1211,<GetOldTweets3.models.Tweet.Tweet object at 0x1033e4f50>
1212,<GetOldTweets3.models.Tweet.Tweet object at 0x1033e4290>
1213,<GetOldTweets3.models.Tweet.Tweet object at 0x101ca9650>
1214,<GetOldTweets3.models.Tweet.Tweet object at 0x1016422d0>
1215,<GetOldTweets3.models.Tweet.Tweet object at 0x101c7bc50>
1216,<GetOldTweets3.models.Tweet.Tweet object at 0x1033d9890>
1217,<GetOldTweets3.models.Tweet.Tweet object at 0x1033fc210>
1218,<GetOldTweets3.models.Tweet.Tweet object at 0x101c98e50>
1219,<GetOldTweets3.models.Tweet.Tweet object at 0x101c8a350>
1220,<GetOldTweets3.models.Tweet.Tweet object at 0x1033f1cd0>
1221,<GetOldTweets3.models.Tweet.Tweet object at 0x1033e42d0>
1222,<GetOldTweets3.models.Tweet.Tweet object at 0x1033fc2d0>
1223,<GetOldTweets3.models.Tweet.Tweet object at 0x1033fce50>
1224,<GetOldTweets3.models.Tweet.Tweet object at 0x1033fce90>
1225,<GetOldTweets3.models.Tweet.Tweet object at 0x1033fc410>
1226,<GetOldTweets3.models.Tweet.Tweet object at 0x1033fcb90>
1227,<GetOldTweets3.models.Tweet.Tweet object at 0x1033e4790>
1228,<GetOldTweets3.models.Tweet.Tweet object at 0x1033e4a90>
1229,<GetOldTweets3.models.Tweet.Tweet object at 0x1033e45d0>
1230,<GetOldTweets3.models.Tweet.Tweet object at 0x104a38bd0>
1231,<GetOldTweets3.models.Tweet.Tweet object at 0x101cb4fd0>
1232,<GetOldTweets3.models.Tweet.Tweet object at 0x1034054d0>
1233,<GetOldTweets3.models.Tweet.Tweet object at 0x104a38a50>
1234,<GetOldTweets3.models.Tweet.Tweet object at 0x1033f1510>
1235,<GetOldTweets3.models.Tweet.Tweet object at 0x101c9d310>
1236,<GetOldTweets3.models.Tweet.Tweet object at 0x1033fcc10>
1237,<GetOldTweets3.models.Tweet.Tweet object at 0x1033fc650>
1238,<GetOldTweets3.models.Tweet.Tweet object at 0x103405350>
1239,<GetOldTweets3.models.Tweet.Tweet object at 0x101ca9f50>
1240,<GetOldTweets3.models.Tweet.Tweet object at 0x1033d7a90>
1241,<GetOldTweets3.models.Tweet.Tweet object at 0x1033fc350>
1242,<GetOldTweets3.models.Tweet.Tweet object at 0x1033f1590>
1243,<GetOldTweets3.models.Tweet.Tweet object at 0x103405ad0>
1244,<GetOldTweets3.models.Tweet.Tweet object at 0x1034056d0>
1245,<GetOldTweets3.models.Tweet.Tweet object at 0x1034059d0>
1246,<GetOldTweets3.models.Tweet.Tweet object at 0x1034057d0>
1247,<GetOldTweets3.models.Tweet.Tweet object at 0x1033e2850>
1248,<GetOldTweets3.models.Tweet.Tweet object at 0x101c7bd90>
1249,<GetOldTweets3.models.Tweet.Tweet object at 0x101c9db10>
1250,<GetOldTweets3.models.Tweet.Tweet object at 0x1033fc690>
1251,<GetOldTweets3.models.Tweet.Tweet object at 0x1033fc890>
1252,<GetOldTweets3.models.Tweet.Tweet object at 0x1033e4f90>
1253,<GetOldTweets3.models.Tweet.Tweet object at 0x1033fcb50>
1254,<GetOldTweets3.models.Tweet.Tweet object at 0x1033fc590>
1255,<GetOldTweets3.models.Tweet.Tweet object at 0x101c98210>
1256,<GetOldTweets3.models.Tweet.Tweet object at 0x1033d9ed0>
1257,<GetOldTweets3.models.Tweet.Tweet object at 0x103405410>
1258,<GetOldTweets3.models.Tweet.Tweet object at 0x103405710>
1259,<GetOldTweets3.models.Tweet.Tweet object at 0x103405390>
1260,<GetOldTweets3.models.Tweet.Tweet object at 0x101cb0e90>
1261,<GetOldTweets3.models.Tweet.Tweet object at 0x103405d90>
1262,<GetOldTweets3.models.Tweet.Tweet object at 0x1033fc790>
1263,<GetOldTweets3.models.Tweet.Tweet object at 0x1033fc550>
1264,<GetOldTweets3.models.Tweet.Tweet object at 0x1033e4090>
1265,<GetOldTweets3.models.Tweet.Tweet object at 0x10340c650>
1266,<GetOldTweets3.models.Tweet.Tweet object at 0x10340c710>
1267,<GetOldTweets3.models.Tweet.Tweet object at 0x10340ce10>
1268,<GetOldTweets3.models.Tweet.Tweet object at 0x10340c110>
1269,<GetOldTweets3.models.Tweet.Tweet object at 0x10340c2d0>
1270,<GetOldTweets3.models.Tweet.Tweet object at 0x1033fc0d0>
1271,<GetOldTweets3.models.Tweet.Tweet object at 0x1033f1b50>
1272,<GetOldTweets3.models.Tweet.Tweet object at 0x1033fccd0>
1273,<GetOldTweets3.models.Tweet.Tweet object at 0x1034052d0>
1274,<GetOldTweets3.models.Tweet.Tweet object at 0x103405ed0>
1275,<GetOldTweets3.models.Tweet.Tweet object at 0x103405490>
1276,<GetOldTweets3.models.Tweet.Tweet object at 0x1033e28d0>
1277,<GetOldTweets3.models.Tweet.Tweet object at 0x1033fc450>
1278,<GetOldTweets3.models.Tweet.Tweet object at 0x1033e4110>
1279,<GetOldTweets3.models.Tweet.Tweet object at 0x10340c510>
1280,<GetOldTweets3.models.Tweet.Tweet object at 0x10164df90>
1281,<GetOldTweets3.models.Tweet.Tweet object at 0x103411910>
1282,<GetOldTweets3.models.Tweet.Tweet object at 0x10340c7d0>
1283,<GetOldTweets3.models.Tweet.Tweet object at 0x10340c150>
1284,<GetOldTweets3.models.Tweet.Tweet object at 0x1033e47d0>
1285,<GetOldTweets3.models.Tweet.Tweet object at 0x1033fcfd0>
1286,<GetOldTweets3.models.Tweet.Tweet object at 0x101c851d0>
1287,<GetOldTweets3.models.Tweet.Tweet object at 0x103405250>
1288,<GetOldTweets3.models.Tweet.Tweet object at 0x103411750>
1289,<GetOldTweets3.models.Tweet.Tweet object at 0x103411390>
1290,<GetOldTweets3.models.Tweet.Tweet object at 0x103405b90>
1291,<GetOldTweets3.models.Tweet.Tweet object at 0x101c9d610>
1292,<GetOldTweets3.models.Tweet.Tweet object at 0x1033fcf10>
1293,<GetOldTweets3.models.Tweet.Tweet object at 0x1033e4ad0>
1294,<GetOldTweets3.models.Tweet.Tweet object at 0x10340c8d0>
1295,<GetOldTweets3.models.Tweet.Tweet object at 0x10340c950>
1296,<GetOldTweets3.models.Tweet.Tweet object at 0x103411350>
1297,<GetOldTweets3.models.Tweet.Tweet object at 0x10340c250>
1298,<GetOldTweets3.models.Tweet.Tweet object at 0x10340c090>
1299,<GetOldTweets3.models.Tweet.Tweet object at 0x1033e4f10>
1300,<GetOldTweets3.models.Tweet.Tweet object at 0x103405c90>
1301,<GetOldTweets3.models.Tweet.Tweet object at 0x103411290>
1302,<GetOldTweets3.models.Tweet.Tweet object at 0x1033e2b10>
1303,<GetOldTweets3.models.Tweet.Tweet object at 0x10340f4d0>
1304,<GetOldTweets3.models.Tweet.Tweet object at 0x103405850>
1305,<GetOldTweets3.models.Tweet.Tweet object at 0x1033d9990>
1306,<GetOldTweets3.models.Tweet.Tweet object at 0x1033fcdd0>
1307,<GetOldTweets3.models.Tweet.Tweet object at 0x10340cad0>
1308,<GetOldTweets3.models.Tweet.Tweet object at 0x103411310>
